session_id;model;topic;difficulty;shot;shot_ref_1;shot_ref_2;shot_ref_3;no;title;problem_statement;overall_check_status;unit_test;unit_test_error;unit_test_reasoning;diff_check;diff_check_error;diff_check_reasoning
"Conditionals-Easy-0-shot-1783818581727";"qwen/qwen3.7-plus";"Conditionals";"Easy";"0-shot";NULL;NULL;NULL;1;"Sign Checker";"Write a function that takes an integer `n` and returns the string 'positive' if n > 0, 'negative' if n < 0, and 'zero' if n == 0.";passed;"passed";NULL;NULL;"passed";NULL;NULL
"Conditionals-Easy-0-shot-1783818581727";"qwen/qwen3.7-plus";"Conditionals";"Easy";"0-shot";NULL;NULL;NULL;2;"Voting Eligibility";"Write a function that takes an integer `age` and returns True if the person is 18 or older, and False otherwise.";passed;"passed";NULL;NULL;"passed";NULL;NULL
"Conditionals-Easy-0-shot-1783818581727";"qwen/qwen3.7-plus";"Conditionals";"Easy";"0-shot";NULL;NULL;NULL;3;"Even or Odd";"Write a function that takes an integer `n` and returns the string 'even' if the number is even, and 'odd' if the number is odd.";passed;"passed";NULL;NULL;"passed";NULL;NULL
"Conditionals-Easy-0-shot-1783818581727";"qwen/qwen3.7-plus";"Conditionals";"Easy";"0-shot";NULL;NULL;NULL;4;"Simple Grader";"Write a function that takes an integer `score` (0 to 100) and returns 'Pass' if the score is 50 or above, and 'Fail' if it is below 50.";passed;"passed";NULL;NULL;"passed";NULL;NULL
"Conditionals-Easy-0-shot-1783818581727";"qwen/qwen3.7-plus";"Conditionals";"Easy";"0-shot";NULL;NULL;NULL;5;"Water State";"Write a function that takes an integer `temp` representing temperature in Celsius. Return 'solid' if temp <= 0, 'gas' if temp >= 100, and 'liquid' otherwise.";passed;"passed";NULL;NULL;"passed";NULL;NULL
"Constants-Easy-0-shot-1783818876046";"qwen/qwen3.7-plus";"Constants";"Easy";"0-shot";NULL;NULL;NULL;1;"Circle Area Calculation";"Write a function that calculates the area of a circle given its radius. Use the constant PI = 3.14159 for your calculation.";passed;"passed";NULL;NULL;"passed";NULL;NULL
"Constants-Easy-0-shot-1783818876046";"qwen/qwen3.7-plus";"Constants";"Easy";"0-shot";NULL;NULL;NULL;2;"Total Price with Tax";"Write a function that calculates the total price of an item after applying a sales tax. Use the constant TAX_RATE = 0.08.";passed;"passed";NULL;NULL;"passed";NULL;NULL
"Constants-Easy-0-shot-1783818876046";"qwen/qwen3.7-plus";"Constants";"Easy";"0-shot";NULL;NULL;NULL;3;"Falling Object Distance";"Write a function that calculates the distance an object falls in a given time (in seconds) under Earth's gravity. Use the formula d = 0.5 * g * t^2 and the constant GRAVITY = 9.81.";passed;"passed";NULL;NULL;"passed";NULL;NULL
"Constants-Easy-0-shot-1783818876046";"qwen/qwen3.7-plus";"Constants";"Easy";"0-shot";NULL;NULL;NULL;4;"Kilometers to Miles";"Write a function that converts a distance in kilometers to miles. Use the constant KM_TO_MILES = 0.621371.";passed;"passed";NULL;NULL;"passed";NULL;NULL
"Constants-Easy-0-shot-1783818876046";"qwen/qwen3.7-plus";"Constants";"Easy";"0-shot";NULL;NULL;NULL;5;"Days to Seconds";"Write a function that calculates the total number of seconds in a given number of days. Use the constant SECONDS_IN_A_DAY = 86400.";passed;"passed";NULL;NULL;"passed";NULL;NULL
"Expressions-Easy-0-shot-1783819152226";"qwen/qwen3.7-plus";"Expressions";"Easy";"0-shot";NULL;NULL;NULL;1;"Calculate Rectangle Area";"Write a function that takes the length and width of a rectangle and returns its area. Use an arithmetic expression to calculate the result.";passed;"passed";NULL;NULL;"passed";NULL;NULL
"Expressions-Easy-0-shot-1783819152226";"qwen/qwen3.7-plus";"Expressions";"Easy";"0-shot";NULL;NULL;NULL;2;"Calculate Total Cost";"Write a function that takes a price and a tax rate (as a decimal, e.g., 0.05 for 5%) and returns the total cost. Use an arithmetic expression with parentheses to calculate the result.";failed;"failed";"Test case 1 failed: assert calculate_total(100, 0.1) == 110.0";"Unit test failed: Test case 1 failed: assert calculate_total(100, 0.1) == 110.0";NULL;NULL;NULL
"Expressions-Easy-0-shot-1783819152226";"qwen/qwen3.7-plus";"Expressions";"Easy";"0-shot";NULL;NULL;NULL;3;"Check Even and Positive";"Write a function that returns True if the given integer is both even and strictly greater than zero, and False otherwise. Use a boolean expression to evaluate this.";passed;"passed";NULL;NULL;"passed";NULL;NULL
"Expressions-Easy-0-shot-1783819152226";"qwen/qwen3.7-plus";"Expressions";"Easy";"0-shot";NULL;NULL;NULL;4;"Create Full Name";"Write a function that takes a first name and a last name and returns a single string with them separated by a space. Use a string expression to concatenate the values.";passed;"passed";NULL;NULL;"passed";NULL;NULL
"Expressions-Easy-0-shot-1783819152226";"qwen/qwen3.7-plus";"Expressions";"Easy";"0-shot";NULL;NULL;NULL;5;"Is Within Range";"Write a function that takes an integer n and returns True if it is between 10 and 20 (inclusive), and False otherwise. Use a chained comparison expression.";passed;"passed";NULL;NULL;"passed";NULL;NULL
"Input/Output-Easy-0-shot-1783819330321";"qwen/qwen3.7-plus";"Input/Output";"Easy";"0-shot";NULL;NULL;NULL;1;"Format User Greeting";"Write a function that takes a user's name and age as input and returns a formatted string greeting. The output should be exactly: 'Hello, [Name]! You are [Age] years old.' This exercises basic output formatting.";passed;"passed";NULL;NULL;"passed";NULL;NULL
"Input/Output-Easy-0-shot-1783819330321";"qwen/qwen3.7-plus";"Input/Output";"Easy";"0-shot";NULL;NULL;NULL;2;"Parse Comma-Separated Numbers";"Write a function that takes a string of comma-separated numbers as input and returns a list of floats. This simulates parsing numerical input from a user or a data file.";passed;"passed";NULL;NULL;"passed";NULL;NULL
"Input/Output-Easy-0-shot-1783819330321";"qwen/qwen3.7-plus";"Input/Output";"Easy";"0-shot";NULL;NULL;NULL;3;"Format to Two Decimal Places";"Write a function that takes a floating-point number as input and returns a string representation of that number formatted to exactly two decimal places. This is a common output formatting requirement for displaying currency or measurements.";passed;"passed";NULL;NULL;"passed";NULL;NULL
"Input/Output-Easy-0-shot-1783819330321";"qwen/qwen3.7-plus";"Input/Output";"Easy";"0-shot";NULL;NULL;NULL;4;"Count Input Lines";"Write a function that takes a multi-line string (simulating standard input) and returns the number of non-empty lines in the string. Lines containing only whitespace should not be counted.";passed;"passed";NULL;NULL;"passed";NULL;NULL
"Input/Output-Easy-0-shot-1783819330321";"qwen/qwen3.7-plus";"Input/Output";"Easy";"0-shot";NULL;NULL;NULL;5;"Extract Key-Value Pairs";"Write a function that takes a string of space-separated key-value pairs in the format 'key=value' and returns a dictionary. This simulates parsing structured configuration input.";passed;"passed";NULL;NULL;"passed";NULL;NULL
"Loop-Easy-0-shot-1783819538512";"qwen/qwen3.7-plus";"Loop";"Easy";"0-shot";NULL;NULL;NULL;1;"Sum of List Elements";"Write a function that takes a list of numbers and returns their sum using a `for` loop. Do not use the built-in `sum()` function.";passed;"passed";NULL;NULL;"passed";NULL;NULL
"Loop-Easy-0-shot-1783819538512";"qwen/qwen3.7-plus";"Loop";"Easy";"0-shot";NULL;NULL;NULL;2;"Count Vowels";"Write a function that counts the number of vowels ('a', 'e', 'i', 'o', 'u', both lowercase and uppercase) in a given string using a loop.";passed;"passed";NULL;NULL;"passed";NULL;NULL
"Loop-Easy-0-shot-1783819538512";"qwen/qwen3.7-plus";"Loop";"Easy";"0-shot";NULL;NULL;NULL;3;"Find Maximum Value";"Write a function that finds the maximum number in a non-empty list using a `for` loop. Do not use the built-in `max()` function.";passed;"passed";NULL;NULL;"passed";NULL;NULL
"Loop-Easy-0-shot-1783819538512";"qwen/qwen3.7-plus";"Loop";"Easy";"0-shot";NULL;NULL;NULL;4;"Countdown Sequence";"Write a function that takes a positive integer `n` and returns a list of numbers counting down from `n` to 1 (inclusive) using a `while` loop.";passed;"passed";NULL;NULL;"passed";NULL;NULL
"Loop-Easy-0-shot-1783819538512";"qwen/qwen3.7-plus";"Loop";"Easy";"0-shot";NULL;NULL;NULL;5;"Filter Even Numbers";"Write a function that takes a list of integers and returns a new list containing only the even numbers using a loop.";passed;"passed";NULL;NULL;"passed";NULL;NULL
"Operators-Easy-0-shot-1783819711949";"qwen/qwen3.7-plus";"Operators";"Easy";"0-shot";NULL;NULL;NULL;1;"Basic Arithmetic Operations";"Write a function that takes two numbers, a and b, and returns a tuple containing their sum, difference (a - b), product, and quotient (a / b).";passed;"passed";NULL;NULL;"passed";NULL;NULL
"Operators-Easy-0-shot-1783819711949";"qwen/qwen3.7-plus";"Operators";"Easy";"0-shot";NULL;NULL;NULL;2;"Strictly Decreasing Check";"Write a function that takes three numbers, a, b, and c. Return True if a is strictly greater than b and b is strictly greater than c. Otherwise, return False.";passed;"passed";NULL;NULL;"passed";NULL;NULL
"Operators-Easy-0-shot-1783819711949";"qwen/qwen3.7-plus";"Operators";"Easy";"0-shot";NULL;NULL;NULL;3;"Event Eligibility";"Write a function that takes an integer age and a boolean has_ticket. Return True if the person is 18 or older AND has a ticket, OR if they are 65 or older. Return False otherwise.";passed;"passed";NULL;NULL;"passed";NULL;NULL
"Operators-Easy-0-shot-1783819711949";"qwen/qwen3.7-plus";"Operators";"Easy";"0-shot";NULL;NULL;NULL;4;"Minutes to Hours and Minutes";"Write a function that takes a positive integer total_minutes. Use the floor division (//) and modulo (%) operators to return a tuple containing the number of whole hours and the remaining minutes.";passed;"passed";NULL;NULL;"passed";NULL;NULL
"Operators-Easy-0-shot-1783819711949";"qwen/qwen3.7-plus";"Operators";"Easy";"0-shot";NULL;NULL;NULL;5;"Calculate Square and Cube";"Write a function that takes a single number n. Use the exponentiation operator (**) to calculate and return a tuple containing the square of n and the cube of n.";passed;"passed";NULL;NULL;"passed";NULL;NULL
"Variables-Easy-0-shot-1783819916020";"qwen/qwen3.7-plus";"Variables";"Easy";"0-shot";NULL;NULL;NULL;1;"Rectangle Area Calculator";"Write a function that takes the length and width of a rectangle as arguments, assigns them to variables, and returns the area of the rectangle.";passed;"passed";NULL;NULL;"passed";NULL;NULL
"Variables-Easy-0-shot-1783819916020";"qwen/qwen3.7-plus";"Variables";"Easy";"0-shot";NULL;NULL;NULL;2;"Full Name Generator";"Write a function that takes a first name and a last name as strings. Assign them to variables, combine them with a space in between, and return the full name.";passed;"passed";NULL;NULL;"passed";NULL;NULL
"Variables-Easy-0-shot-1783819916020";"qwen/qwen3.7-plus";"Variables";"Easy";"0-shot";NULL;NULL;NULL;3;"Variable Swapper";"Write a function that takes two variables, a and b. Swap their values so that a gets the value of b, and b gets the value of a. Return them as a tuple (a, b).";passed;"passed";NULL;NULL;"passed";NULL;NULL
"Variables-Easy-0-shot-1783819916020";"qwen/qwen3.7-plus";"Variables";"Easy";"0-shot";NULL;NULL;NULL;4;"Temperature Converter";"Write a function that takes a temperature in Celsius. Assign it to a variable, convert it to Fahrenheit using the formula (C * 9/5) + 32, and return the Fahrenheit value.";passed;"passed";NULL;NULL;"passed";NULL;NULL
"Variables-Easy-0-shot-1783819916020";"qwen/qwen3.7-plus";"Variables";"Easy";"0-shot";NULL;NULL;NULL;5;"Age Calculator";"Write a function that takes the current year and a person's birth year. Assign them to variables, calculate the age by subtracting the birth year from the current year, and return the age.";passed;"passed";NULL;NULL;"passed";NULL;NULL
"Conditionals-Medium-0-shot-1783820145758";"qwen/qwen3.7-plus";"Conditionals";"Medium";"0-shot";NULL;NULL;NULL;1;"Theme Park Ticket Pricing";"Write a function to calculate the final ticket price for a theme park based on several conditional rules.  1. Base price by age: Under 12 is $0, 12-17 is $20, 18-64 is $40, 65+ is $25. 2. If the visitor is a student AND age 12 or older, apply a 20% discount to the base price. 3. If it is a weekend, add a $10 surcharge. 4. If it is peak hour, add a $5 surcharge. 5. If the group size is 5 or more, apply a 15% discount to the final total.  Return the final price rounded to 2 decimal places.";failed;"failed";"Test case 4 failed: assert calculate_ticket_price(15, True, True, True, 5) == 20.4";"Unit test failed: Test case 4 failed: assert calculate_ticket_price(15, True, True, True, 5) == 20.4";NULL;NULL;NULL
"Conditionals-Medium-0-shot-1783820145758";"qwen/qwen3.7-plus";"Conditionals";"Medium";"0-shot";NULL;NULL;NULL;2;"Password Strength Assessor";"Write a function that evaluates the strength of a password based on multiple conditional criteria.  1. If the length is less than 8, return 'Invalid'. 2. If it does not contain at least one uppercase letter, one lowercase letter, and one digit, return 'Invalid'. 3. If it passes the above checks and contains at least one special character (non-alphanumeric), return 'Strong'. 4. If it passes the above checks, has no special characters, but is 12 characters or longer, return 'Medium'. 5. Otherwise, return 'Weak'.";passed;"passed";NULL;NULL;"passed";NULL;NULL
"Conditionals-Medium-0-shot-1783820145758";"qwen/qwen3.7-plus";"Conditionals";"Medium";"0-shot";NULL;NULL;NULL;3;"Automated Greenhouse Climate Control";"Write a function to determine the action for a greenhouse climate control system based on temperature, humidity, and time of day.  1. If the temperature is above 90 or below 40, return 'ALERT' regardless of other conditions. 2. During the daytime (is_daytime = True), if temperature > 80 return 'AC', and if temperature < 60 return 'Heater'. 3. During the nighttime (is_daytime = False), if temperature > 75 return 'AC', and if temperature < 50 return 'Heater'. 4. If temperature is within the normal range, check humidity: if > 70 return 'Dehumidifier', if < 40 return 'Humidifier'. 5. If all conditions are normal, return 'Normal'.";failed;"passed";NULL;NULL;"failed";"Classification mismatch: expected 'Medium' (level intermediate), got 'easy'";"The problem only requires basic conditional statements (if/elif/else) and simple logical comparisons. There are no loops, complex data structures, or advanced algorithms involved. Most students will be able to solve this quickly with a few lines of straightforward code."
"Conditionals-Medium-0-shot-1783820145758";"qwen/qwen3.7-plus";"Conditionals";"Medium";"0-shot";NULL;NULL;NULL;4;"E-commerce Shipping and Handling Calculator";"Write a function to calculate the final shipping cost for an e-commerce order based on multiple conditional rules.  1. If the weight is over 50 lbs AND expedited shipping is selected, return -1 (invalid combination). 2. Base shipping cost is $5.00. 3. Add $1.00 for every pound over 5 lbs. 4. Add $0.10 for every mile over 100 miles. 5. If the item is fragile, add a $15.00 flat fee. 6. If expedited shipping is selected, multiply the current total cost by 1.5. 7. If the user is a member, subtract $10.00 from the total (minimum cost is $0.00).  Return the final cost rounded to 2 decimal places.";failed;"failed";"Test case 6 failed: assert calculate_shipping(20, 150, True, True, False) == 75.0";"Unit test failed: Test case 6 failed: assert calculate_shipping(20, 150, True, True, False) == 75.0";NULL;NULL;NULL
"Conditionals-Medium-0-shot-1783820145758";"qwen/qwen3.7-plus";"Conditionals";"Medium";"0-shot";NULL;NULL;NULL;5;"University Course Prerequisite Checker";"Write a function to determine if a student is eligible to enroll in a requested course based on their GPA and completed courses.  Course requirements: - 'CS101': Requires GPA >= 2.0, no prerequisites. - 'CS201': Requires GPA >= 2.5, prerequisite: 'CS101'. - 'CS301': Requires GPA >= 3.0, prerequisites: 'CS201' and 'CS102'.  If the requested course is not in the list above, return 'Unknown Course'. If the student's GPA is too low AND they are missing prerequisites, return 'Denied: Both'. If only the GPA is too low, return 'Denied: Low GPA'. If only prerequisites are missing, return 'Denied: Missing Prerequisites'. Otherwise, return 'Approved'.";failed;"passed";NULL;NULL;"failed";"Classification mismatch: expected 'Medium' (level intermediate), got 'easy'";"The problem involves basic conditional statements, simple dictionary lookups (or if-else chains), and checking for list membership. The number of courses and rules is small and fixed, making it a straightforward exercise that most beginners can solve quickly with a few lines of code."
"Constants-Medium-0-shot-1783820468306";"qwen/qwen3.7-plus";"Constants";"Medium";"0-shot";NULL;NULL;NULL;1;"Extract Class Constants";"In Python, class-level attributes that are entirely uppercase are conventionally used as constants. Write a function `extract_class_constants(cls)` that takes a class object and returns a dictionary of all its constants. A constant is defined as a class attribute whose name consists entirely of uppercase letters, digits, and underscores (and does not start with a digit), and whose value is not callable. You must ignore all dunder attributes (names starting and ending with `__`).";passed;"passed";NULL;NULL;"passed";NULL;NULL
"Constants-Medium-0-shot-1783820468306";"qwen/qwen3.7-plus";"Constants";"Medium";"0-shot";NULL;NULL;NULL;2;"Validate Constant Naming Convention";"PEP 8 dictates that constants should be named using all uppercase letters with underscores separating words. Write a function `validate_constant_names(names)` that takes a list of strings representing variable names. It should return a list of names that *violate* the PEP 8 constant naming convention. A valid constant name must consist only of uppercase letters, digits, and underscores, and must not start with a digit.";failed;"passed";NULL;NULL;"failed";"Classification mismatch: expected 'Medium' (level intermediate), got 'easy'";"This exercise requires basic string manipulation and list filtering, which can be accomplished in just a few lines of code using a simple loop or list comprehension. Students can easily check the naming conventions using basic built-in string methods (such as checking if characters are uppercase or digits) or a simple regular expression. Most students will be able to solve this problem quickly without needing complex logic."
"Constants-Medium-0-shot-1783820468306";"qwen/qwen3.7-plus";"Constants";"Medium";"0-shot";NULL;NULL;NULL;3;"Parse Configuration Constants";"Write a function `parse_config_constants(config_text)` that parses a multiline string of configuration constants. Each line should be in the format `NAME = VALUE`. The function should return a dictionary of these constants. The `NAME` must be a valid constant name (uppercase, underscores, digits, no leading digit). The `VALUE` should be converted to an `int` if it represents an integer, a `float` if it represents a float, or kept as a stripped `str` otherwise. Ignore empty lines, lines without an `=`, or lines where the name is invalid.";passed;"passed";NULL;NULL;"passed";NULL;NULL
"Constants-Medium-0-shot-1783820468306";"qwen/qwen3.7-plus";"Constants";"Medium";"0-shot";NULL;NULL;NULL;4;"Create Immutable Constants Dictionary";"Python does not have a built-in `const` keyword, but we can simulate immutable constants using read-only mappings. Write a function `create_immutable_constants(data)` that takes a dictionary. First, verify that all keys are valid constant names (uppercase, underscores, digits, no leading digit). If any key is invalid, raise a `ValueError` with the exact message `Invalid constant name: <key>`. If all keys are valid, return a read-only view of the dictionary using `types.MappingProxyType` so that the constants cannot be modified after creation.";passed;"passed";NULL;NULL;"passed";NULL;NULL
"Constants-Medium-0-shot-1783820468306";"qwen/qwen3.7-plus";"Constants";"Medium";"0-shot";NULL;NULL;NULL;5;"Merge Constants with Type Enforcement";"Write a function `merge_constants(base, overrides)` that merges a dictionary of `overrides` into a `base` dictionary of constants. Both dictionaries should only contain valid constant names. If an override key is not in the base dictionary, it is added. However, if an override key *already exists* in the base dictionary, its type must match the type of the base value exactly. If the types do not match, raise a `TypeError` with the message `Type mismatch for constant <key>`. If any key in the overrides dictionary is not a valid constant name, raise a `ValueError`. Return the newly merged dictionary.";passed;"passed";NULL;NULL;"passed";NULL;NULL
"Expressions-Medium-0-shot-1783820727097";"qwen/qwen3.7-plus";"Expressions";"Medium";"0-shot";NULL;NULL;NULL;1;"Infix to Postfix Expression Converter";"Write a function that takes a string representing a mathematical expression in infix notation (with space-separated tokens) and converts it to postfix notation (Reverse Polish Notation). The expression contains single-digit numbers and the operators '+', '-', '*', '/'. Assume standard operator precedence ('*' and '/' before '+' and '-') and left-to-right associativity. Parentheses '(' and ')' may be present.";passed;"passed";NULL;NULL;"passed";NULL;NULL
"Expressions-Medium-0-shot-1783820727097";"qwen/qwen3.7-plus";"Expressions";"Medium";"0-shot";NULL;NULL;NULL;2;"Evaluate Expression Tree";"An expression tree is represented as a nested list where internal nodes are operators ('+', '-', '*', '/') and leaf nodes are integer operands. Write a function to evaluate the expression tree and return the final integer result. Division should truncate towards zero.";passed;"passed";NULL;NULL;"passed";NULL;NULL
"Expressions-Medium-0-shot-1783820727097";"qwen/qwen3.7-plus";"Expressions";"Medium";"0-shot";NULL;NULL;NULL;3;"Collect Like Terms in Algebraic Expression";"You are given an algebraic expression represented as a list of tuples, where each tuple contains an integer coefficient and a string variable (e.g., [(2, 'x'), (3, 'y')]). Write a function to collect like terms and return a new list of tuples representing the simplified expression. The output list should be sorted alphabetically by the variable name. Terms with a coefficient of 0 should be omitted.";passed;"passed";NULL;NULL;"passed";NULL;NULL
"Expressions-Medium-0-shot-1783820727097";"qwen/qwen3.7-plus";"Expressions";"Medium";"0-shot";NULL;NULL;NULL;4;"Evaluate Postfix Expression";"Write a function that takes a string representing a mathematical expression in postfix notation (Reverse Polish Notation) with space-separated tokens and evaluates it. The expression contains integers (including negative numbers) and the operators '+', '-', '*', '/'. Division should truncate towards zero.";passed;"passed";NULL;NULL;"passed";NULL;NULL
"Expressions-Medium-0-shot-1783820727097";"qwen/qwen3.7-plus";"Expressions";"Medium";"0-shot";NULL;NULL;NULL;5;"Extract Variables from Expression";"Given a string representing a mathematical expression, extract and return a sorted list of all unique variable names used in the expression. Variables are defined as contiguous sequences of lowercase English letters. Ignore any numbers, operators, parentheses, or whitespace.";failed;"passed";NULL;NULL;"failed";"Classification mismatch: expected 'Medium' (level intermediate), got 'easy'";"This problem requires only basic string manipulation, filtering, and sorting. It can be solved very quickly in just a few lines of code using a simple loop with character checking (e.g., `islower()`), or even in a single line using regular expressions (`re.findall`), a `set` for uniqueness, and the `sorted()` function. The logic is straightforward and lacks complex edge cases, allowing most students to solve it rapidly."
"Input/Output-Medium-0-shot-1783821081720";"qwen/qwen3.7-plus";"Input/Output";"Medium";"0-shot";NULL;NULL;NULL;1;"CSV Sales Aggregator";"You are given a list of strings representing lines from a CSV file. Each line contains a product name and a sales amount (an integer) separated by a comma. The first line is a header and should be ignored. Write a function that reads this data and returns a dictionary where the keys are product names and the values are the total sales for each product. Ignore any malformed lines (lines that don't have exactly one comma or where the sales amount is not a valid integer).";passed;"passed";NULL;NULL;"passed";NULL;NULL
"Input/Output-Medium-0-shot-1783821081720";"qwen/qwen3.7-plus";"Input/Output";"Medium";"0-shot";NULL;NULL;NULL;2;"Log Error Extractor";"You are given a list of strings representing lines from a server log. Each line follows the format: `[TIMESTAMP] LEVEL: Message`. Write a function that extracts all lines where the LEVEL is exactly ""ERROR"" and returns a list of tuples containing the timestamp and the message. If a line doesn't match the format, ignore it.";passed;"passed";NULL;NULL;"passed";NULL;NULL
"Input/Output-Medium-0-shot-1783821081720";"qwen/qwen3.7-plus";"Input/Output";"Medium";"0-shot";NULL;NULL;NULL;3;"Simple Template Engine";"You are given a template string and a dictionary of variables. The template contains placeholders in the format `{{variable_name}}`. Write a function that replaces all placeholders with their corresponding values from the dictionary. If a placeholder's key is not in the dictionary, leave the placeholder exactly as it is (e.g., `{{missing}}`).";failed;"passed";NULL;NULL;"failed";"Classification mismatch: expected 'Medium' (level intermediate), got 'easy'";"This problem involves basic string manipulation and dictionary lookups. Students can solve it quickly using simple string methods (like `find` and slicing) to locate and replace the placeholders, or in just a single line using regular expressions (`re.sub`). It does not require complex algorithms, nested logic, or advanced data structures, making it a straightforward task that most students can complete in a few lines of code."
"Input/Output-Medium-0-shot-1783821081720";"qwen/qwen3.7-plus";"Input/Output";"Medium";"0-shot";NULL;NULL;NULL;4;"String Matrix Transpose";"You are given a multiline string representing a matrix of text tokens, where each row is on a new line and tokens are separated by spaces. Write a function that parses this string, transposes the matrix (rows become columns and columns become rows), and returns the result as a formatted multiline string with the same spacing rules.";passed;"passed";NULL;NULL;"passed";NULL;NULL
"Input/Output-Medium-0-shot-1783821081720";"qwen/qwen3.7-plus";"Input/Output";"Medium";"0-shot";NULL;NULL;NULL;5;"Custom Config Parser";"You are given a list of strings representing a custom configuration file. Each line is either a key-value pair in the format `key = value` (separated by the first `=` sign) or a comment starting with `#`. Write a function that parses this input and returns a dictionary. Keys and values should be stripped of leading/trailing whitespace. Ignore empty lines and comment lines. If a key appears multiple times, the last value should overwrite the previous ones.";failed;"passed";NULL;NULL;"failed";"Classification mismatch: expected 'Medium' (level intermediate), got 'easy'";"This exercise involves basic string manipulation (using methods like `split`, `strip`, and `startswith`) and standard dictionary operations. It can be solved with a simple `for` loop and a few conditional checks. Most students will be able to write the solution quickly in just a few lines of code without requiring complex logic or algorithms."
"Loop-Medium-0-shot-1783821413771";"qwen/qwen3.7-plus";"Loop";"Medium";"0-shot";NULL;NULL;NULL;1;"Generate Pascal's Triangle";"Given an integer n, generate the first n rows of Pascal's triangle. Each row must be constructed using loops. The first row is [1], and each subsequent row is formed by adding adjacent elements from the previous row.";passed;"passed";NULL;NULL;"passed";NULL;NULL
"Loop-Medium-0-shot-1783821413771";"qwen/qwen3.7-plus";"Loop";"Medium";"0-shot";NULL;NULL;NULL;2;"Run-Length Encoding";"Implement a function that performs run-length encoding on a string. For example, 'aabcccccaaa' becomes 'a2b1c5a3'. Use loops to iterate through the string and count consecutive characters.";failed;"passed";NULL;NULL;"failed";"Classification mismatch: expected 'Medium' (level intermediate), got 'easy'";"The problem requires only basic string manipulation, a single loop, and simple conditional logic. It can be solved with just a few lines of code by tracking the current character and its count, making it a straightforward exercise for students who have learned basic iteration without requiring complex data structures or advanced algorithms."
"Loop-Medium-0-shot-1783821413771";"qwen/qwen3.7-plus";"Loop";"Medium";"0-shot";NULL;NULL;NULL;3;"Matrix Transposition";"Given a 2D list (matrix) of integers, return its transpose. The transpose of a matrix is obtained by flipping the matrix over its main diagonal, switching row and column indices. Use nested loops to construct the new matrix.";failed;"passed";NULL;NULL;"failed";"Classification mismatch: expected 'Medium' (level intermediate), got 'easy'";"This exercise requires a basic understanding of nested loops and 2D list indexing. It can be solved in just a few lines of code by iterating through the rows and columns of the original matrix to construct a new transposed matrix. Most students who have been introduced to basic loops and lists will be able to solve this quickly without needing complex logic or extensive code."
"Loop-Medium-0-shot-1783821413771";"qwen/qwen3.7-plus";"Loop";"Medium";"0-shot";NULL;NULL;NULL;4;"Find Missing Ranges";"Given a sorted list of unique integers nums, and two integers lower and upper, return the smallest sorted list of ranges that cover all missing numbers in the array. Use loops to iterate and find gaps. Format: 'a->b' for ranges, 'a' for single numbers.";passed;"passed";NULL;NULL;"passed";NULL;NULL
"Loop-Medium-0-shot-1783821413771";"qwen/qwen3.7-plus";"Loop";"Medium";"0-shot";NULL;NULL;NULL;5;"Diamond Pattern Generator";"Given an odd integer n, return a list of strings representing a diamond pattern of size n using asterisks ('*'). The middle row should have n asterisks. Pad with spaces so each string has length n. Use loops to build the top and bottom halves.";passed;"passed";NULL;NULL;"passed";NULL;NULL
"Operators-Medium-0-shot-1783821767980";"qwen/qwen3.7-plus";"Operators";"Medium";"0-shot";NULL;NULL;NULL;1;"Bitwise Mask Extractor";"Write a function that extracts `n` bits from an integer `num` starting at the `p`-th position (0-indexed from the least significant bit). Use bitwise operators (`>>`, `&`, `|`, `~`, `<<`) to create a mask and extract the bits. Do not use string conversion.";passed;"passed";NULL;NULL;"passed";NULL;NULL
"Operators-Medium-0-shot-1783821767980";"qwen/qwen3.7-plus";"Operators";"Medium";"0-shot";NULL;NULL;NULL;2;"Arithmetic Base Converter";"Convert a non-negative base-10 integer to a string representation in a specified base (from 2 to 16). You must use arithmetic operators (`//` and `%`) to extract digits. Do not use built-in functions like `bin()`, `hex()`, or `format()`.";passed;"passed";NULL;NULL;"passed";NULL;NULL
"Operators-Medium-0-shot-1783821767980";"qwen/qwen3.7-plus";"Operators";"Medium";"0-shot";NULL;NULL;NULL;3;"Gray Code to Binary Decoder";"Gray code is a binary numeral system where two successive values differ in only one bit. Given an integer representing a Gray code, convert it back to its standard binary integer representation using bitwise operators (`^`, `>>`).";passed;"passed";NULL;NULL;"passed";NULL;NULL
"Operators-Medium-0-shot-1783821767980";"qwen/qwen3.7-plus";"Operators";"Medium";"0-shot";NULL;NULL;NULL;4;"Modulo Arithmetic Caesar Cipher";"Implement a Caesar cipher that shifts alphabetical characters by a given integer amount. Use the modulo operator (`%`) to handle the wrap-around of the alphabet. Non-alphabetical characters should remain unchanged. Use `ord()` and `chr()` alongside arithmetic operators.";passed;"passed";NULL;NULL;"passed";NULL;NULL
"Operators-Medium-0-shot-1783821767980";"qwen/qwen3.7-plus";"Operators";"Medium";"0-shot";NULL;NULL;NULL;5;"Bitwise Parity and Count";"Given a non-negative integer, determine the number of set bits (1s) in its binary representation and whether the total count of set bits is even or odd. Use bitwise operators (`&`, `>>`) to count the bits. Return a tuple: `(bit_count, is_even_parity)`.";failed;"passed";NULL;NULL;"failed";"Classification mismatch: expected 'Medium' (level intermediate), got 'easy'";"The exercise requires a straightforward application of basic bitwise operations (`&` and `>>`) within a simple loop. The logic to count the set bits and determine parity (even/odd) is direct, and the solution can be written in just a few lines of code, allowing most students to solve it quickly once they understand the basic bitwise concepts."
"Variables-Medium-0-shot-1783822137927";"qwen/qwen3.7-plus";"Variables";"Medium";"0-shot";NULL;NULL;NULL;1;"Multi-Variable Inventory State";"Write a function `track_inventory(transactions)` that takes a list of strings representing inventory changes. Each string is either 'ADD X' or 'REMOVE X', where X is an integer. You must track four state variables: `current_stock`, `total_added`, `total_removed`, and `peak_stock` (the highest `current_stock` reached at any point). Return a dictionary containing these four variables as keys and their final integer values.";passed;"passed";NULL;NULL;"passed";NULL;NULL
"Variables-Medium-0-shot-1783822137927";"qwen/qwen3.7-plus";"Variables";"Medium";"0-shot";NULL;NULL;NULL;2;"Efficient Moving Average";"Write a function `moving_averages(numbers, window_size)` that calculates the moving average of a list of numbers. To do this efficiently, do not recalculate the sum from scratch for each window. Instead, maintain a `window_sum` variable. Initialize it with the sum of the first window, then update it iteratively by adding the new element entering the window and subtracting the element leaving the window. Return a list of the moving averages as floats.";failed;"passed";NULL;NULL;"failed";"Classification mismatch: expected 'Medium' (level intermediate), got 'easy'";"The problem explicitly describes the exact algorithm and optimization technique to use (maintaining a running sum for a sliding window), which removes the need for complex algorithmic thinking. It only requires basic Python constructs such as loops, simple arithmetic, and list manipulation, and can be implemented in just a few lines of code."
"Variables-Medium-0-shot-1783822137927";"qwen/qwen3.7-plus";"Variables";"Medium";"0-shot";NULL;NULL;NULL;3;"Max Consecutive Positive Run";"Write a function `max_positive_run(numbers)` that finds the length of the longest consecutive sequence of strictly positive numbers in a list. Use accumulator variables to track the `current_run_length` and the `max_run_length`. Update these variables as you iterate through the list, resetting the `current_run_length` whenever a non-positive number is encountered. Return the `max_run_length`.";failed;"passed";NULL;NULL;"failed";"Classification mismatch: expected 'Medium' (level intermediate), got 'easy'";"This is a straightforward iteration problem that requires a single loop, basic conditional logic, and simple accumulator variables. Most students will be able to write the solution quickly in just a few lines of code."
"Variables-Medium-0-shot-1783822137927";"qwen/qwen3.7-plus";"Variables";"Medium";"0-shot";NULL;NULL;NULL;4;"Coordinate Transformation";"Write a function `transform_coordinates(points)` that takes a list of tuples representing 2D coordinates `(x, y)`. For each point, use variable unpacking to extract `x` and `y` into separate variables. Then, reassign new variables to apply a specific transformation: `new_x = x - y` and `new_y = x + y`. Return a new list containing the transformed `(new_x, new_y)` tuples.";failed;"passed";NULL;NULL;"failed";"Classification mismatch: expected 'Medium' (level intermediate), got 'easy'";"The exercise only requires basic Python concepts such as iterating through a list, unpacking tuples, and performing simple arithmetic. The instructions explicitly provide the exact mathematical transformations to apply, and the solution can be implemented in just a few lines of code using a basic loop or list comprehension. Most students will be able to solve this quickly."
"Variables-Medium-0-shot-1783822137927";"qwen/qwen3.7-plus";"Variables";"Medium";"0-shot";NULL;NULL;NULL;5;"Variable Scope Resolver";"Write a function `resolve_variable(var_name, local_scope, global_scope)` that simulates how Python resolves variable names. The function should check the `local_scope` dictionary first. If the variable is found there, return its value. If not, it should check the `global_scope` dictionary. If the variable is not found in either scope, return the string 'Undefined'. This exercise tests your understanding of variable scope and shadowing.";failed;"passed";NULL;NULL;"failed";"Classification mismatch: expected 'Medium' (level intermediate), got 'easy'";"This exercise requires only basic dictionary lookups and simple conditional logic (if/elif/else). The problem description clearly outlines the exact steps to follow, and it can be solved quickly in just a few lines of code without any complex algorithms, advanced data structures, or tricky edge cases."
"Conditionals-Hard-0-shot-1783822401474";"qwen/qwen3.7-plus";"Conditionals";"Hard";"0-shot";NULL;NULL;NULL;1;"Advanced Date Validator";"Write a function that takes `year`, `month`, and `day` as integers and returns `True` if it represents a valid date in the Gregorian calendar, and `False` otherwise. The year must be strictly greater than 0. Remember the complex leap year rules: a year is a leap year if it is divisible by 4, but not divisible by 100 unless it is also divisible by 400. Ensure you account for the correct number of days in each month.";failed;"passed";NULL;NULL;"failed";"Classification mismatch: expected 'Hard' (level hard), got 'intermediate'";"This exercise requires implementing multiple conditional checks and handling several specific edge cases, such as the complex leap year rules and the varying number of days in each month. While it does not require advanced algorithmic knowledge or complex data structures (which would make it hard), it goes beyond simple, quick problems (easy) because students must carefully structure multi-step logical conditions and thoroughly test their code against various date scenarios to ensure all rules are accurately met."
"Conditionals-Hard-0-shot-1783822401474";"qwen/qwen3.7-plus";"Conditionals";"Hard";"0-shot";NULL;NULL;NULL;2;"Knight's Attack Validation";"In chess, a knight moves in an 'L' shape: two squares in one direction and one square perpendicular, or one square in one direction and two squares perpendicular. Given a knight's starting position and a target square in algebraic notation (e.g., 'e4', 'a1'), write a function to determine if the knight can attack the target in exactly one move. Return `True` if it can, `False` otherwise. The board is 8x8, columns 'a' through 'h', rows '1' through '8'.";failed;"passed";NULL;NULL;"failed";"Classification mismatch: expected 'Hard' (level hard), got 'easy'";"The exercise requires basic string manipulation to parse the algebraic chess notation into numerical coordinates, simple arithmetic to calculate the absolute differences between the start and target positions, and a straightforward conditional statement to check for the valid knight move offsets (1 and 2). It involves minimal logic and can be solved in just a few lines of code, making it quick and accessible for most students with fundamental Python knowledge."
"Conditionals-Hard-0-shot-1783822401474";"qwen/qwen3.7-plus";"Conditionals";"Hard";"0-shot";NULL;NULL;NULL;3;"Tic-Tac-Toe Game State Validator";"Given a 3x3 Tic-Tac-Toe board represented as a list of 3 lists (e.g., `[['X', 'O', 'X'], ['O', 'X', 'O'], ['X', ' ', 'O']]`), determine the game state. Return `'X'` if X wins, `'O'` if O wins, `'Draw'` if the board is full with no winner, `'Ongoing'` if there are empty spaces and no winner, or `'Invalid'` if the board represents an impossible state (e.g., both players have winning lines, or X has won but O also made a move afterward). Remember X always goes first, so X's count must equal O's count or O's count + 1.";failed;"failed";"Test case 2 failed: assert check_tictactoe([['O','O','O'],['X','X',' '],[' ',' ',' ']]) == 'O'";"Unit test failed: Test case 2 failed: assert check_tictactoe([['O','O','O'],['X','X',' '],[' ',' ',' ']]) == 'O'";NULL;NULL;NULL
"Conditionals-Hard-0-shot-1783822401474";"qwen/qwen3.7-plus";"Conditionals";"Hard";"0-shot";NULL;NULL;NULL;4;"Luhn Algorithm Credit Card Validator";"The Luhn algorithm is used to validate identification numbers like credit cards. Given a string `card_number` containing digits and possibly spaces or hyphens, return `True` if it is valid according to the Luhn algorithm, and `False` otherwise. The algorithm: 1. Drop all non-digits. 2. From the rightmost digit, moving left, double the value of every second digit. 3. If doubling results in a number > 9, subtract 9 (or sum the digits). 4. Sum all the digits. 5. If the total modulo 10 is 0, the number is valid. Return False if there are no digits.";failed;"failed";"Test case 6 failed: assert is_valid_luhn('0') == False";"Unit test failed: Test case 6 failed: assert is_valid_luhn('0') == False";NULL;NULL;NULL
"Conditionals-Hard-0-shot-1783822401474";"qwen/qwen3.7-plus";"Conditionals";"Hard";"0-shot";NULL;NULL;NULL;5;"Poker Hand Ranker";"Given a list of 5 strings representing playing cards (e.g., `['10H', 'AS', '2D', 'JC', 'QS']`), where the first part is the rank ('2'-'10', 'J', 'Q', 'K', 'A') and the last character is the suit ('H', 'D', 'C', 'S'), return the rank of the poker hand as a string. The possible ranks in descending order are: 'Royal Flush', 'Straight Flush', 'Four of a Kind', 'Full House', 'Flush', 'Straight', 'Three of a Kind', 'Two Pair', 'One Pair', 'High Card'. A straight can be A-2-3-4-5 or 10-J-Q-K-A.";failed;"passed";NULL;NULL;"failed";"Classification mismatch: expected 'Hard' (level hard), got 'intermediate'";"This problem requires students to combine several programming concepts: string parsing, mapping characters to numerical values, using sets to check for flushes, sorting and checking for consecutive sequences (including the Ace-low edge case), and using counters to find pairs and multiples. Structuring all these checks in the correct hierarchical priority order requires a moderate amount of code and careful conditional logic. While it takes significant time and debugging, it does not require advanced algorithms, making it a classic intermediate problem that most students can eventually solve with standard data structures."
"Constants-Hard-0-shot-1783822838317";"qwen/qwen3.7-plus";"Constants";"Hard";"0-shot";NULL;NULL;NULL;1;"Strict Constants Registry";"Implement a function `create_frozen_constants(**kwargs)` that returns an object where all provided keyword arguments are set as read-only attributes. Any attempt to modify, add, or delete an attribute on the returned object must raise an `AttributeError`. Accessing an unset attribute should raise a standard `AttributeError`.";failed;"passed";NULL;NULL;"failed";"Classification mismatch: expected 'Hard' (level hard), got 'intermediate'";"The problem requires a solid understanding of Python's object-oriented data model, specifically overriding magic methods like `__setattr__`, `__delattr__`, and `__getattr__`. Students must also figure out how to properly initialize the attributes during object creation without triggering the custom `__setattr__` restrictions (e.g., by using `object.__setattr__` or `super().__setattr__`). This goes beyond basic syntax and simple algorithms, requiring intermediate-level knowledge of Python classes and attribute access control."
"Constants-Hard-0-shot-1783822838317";"qwen/qwen3.7-plus";"Constants";"Hard";"0-shot";NULL;NULL;NULL;2;"Extract Module Constants";"Write a function `extract_constants(source_code: str)` that parses a string of Python source code and returns a dictionary of all module-level variables that are assigned exactly once and whose names consist entirely of uppercase letters and underscores (the Python convention for constants). The dictionary should map the constant name to its evaluated literal value using `ast.literal_eval`. Ignore any assignments inside functions, classes, or non-literal values.";failed;"passed";NULL;NULL;"failed";"Classification mismatch: expected 'Hard' (level hard), got 'intermediate'";"This problem requires a solid understanding of Python's `ast` (Abstract Syntax Tree) module. Students need to parse the source code, iterate through the top-level nodes of the AST, and correctly identify and handle different types of assignment nodes (like `ast.Assign` and `ast.AnnAssign`). Additionally, they must implement logic to count all module-level assignments to ensure a variable is assigned exactly once, filter names using string methods or regex, and safely evaluate literals using `ast.literal_eval`. While the logic is straightforward, the requirement to manipulate the AST makes it a multi-step task that takes more time and code than a simple easy problem."
"Constants-Hard-0-shot-1783822838317";"qwen/qwen3.7-plus";"Constants";"Hard";"0-shot";NULL;NULL;NULL;3;"Safe Constant Evaluator";"Write a function `evaluate_with_constants(expression: str, constants: dict)` that safely evaluates a mathematical expression string. The `constants` dictionary maps variable names to numeric values. You must NOT use the built-in `eval()` function. Implement a safe evaluator using the `ast` module that supports basic arithmetic operations (+, -, *, /, **), unary minus, and the provided constants. Raise a `ValueError` for unsupported operations or undefined variables.";passed;"passed";NULL;NULL;"passed";NULL;NULL
"Constants-Hard-0-shot-1783822838317";"qwen/qwen3.7-plus";"Constants";"Hard";"0-shot";NULL;NULL;NULL;4;"Constant Folding Optimizer";"In compiler design, constant folding is the process of evaluating constant expressions at compile time. Write a function `fold_constants(expr_tree: tuple)` that takes an expression tree represented as nested tuples. The tree nodes can be `('CONST', value)`, `('VAR', name)`, or `(operator, left, right)` where operator is one of 'ADD', 'SUB', 'MUL', 'DIV'. The function should return a simplified tree where any operations on purely constant operands are evaluated and replaced with a `('CONST', result)` node. Division by zero should raise a `ZeroDivisionError`.";failed;"passed";NULL;NULL;"failed";"Classification mismatch: expected 'Hard' (level hard), got 'intermediate'";"This problem requires students to implement a recursive function to traverse and transform a nested tuple structure (an Abstract Syntax Tree). It tests their understanding of recursion, tree data structures, and conditional logic to differentiate between node types and evaluate expressions. While the algorithmic logic is straightforward once the recursive approach is understood, managing nested recursive calls and tree transformations is typically beyond beginner-level problems, making it a solid intermediate exercise. It does not require advanced algorithms or highly complex edge-case handling to be considered hard."
"Constants-Hard-0-shot-1783822838317";"qwen/qwen3.7-plus";"Constants";"Hard";"0-shot";NULL;NULL;NULL;5;"Enum-like Constant Builder";"Write a function `build_enum_class(name: str, members: dict)` that dynamically creates a class mimicking Python's `enum.Enum`. The class should have attributes for each key in `members` mapping to unique instances. The instances should be immutable (attempting to set any attribute on them after creation raises `AttributeError`), and their string representation should be `ClassName.MEMBER_NAME`. Iterating over the created class should yield all its member instances.";passed;"passed";NULL;NULL;"passed";NULL;NULL
"Expressions-Hard-0-shot-1783823248377";"qwen/qwen3.7-plus";"Expressions";"Hard";"0-shot";NULL;NULL;NULL;1;"Symbolic Derivative of Polynomial Expressions";"Write a function that takes a string representing a polynomial expression in a single variable 'x' (e.g., '3*x^2 + 2*x + 5') and returns its symbolic derivative as a string. Rules: d/dx (c*x^n) = c*n*x^(n-1). Constants become 0 and are omitted. Terms with a 0 coefficient are omitted. If the result is entirely 0, return '0'. Format the output with terms separated by ' + ' or ' - '. If a coefficient is 1 or -1, omit the '1' (e.g., 'x' instead of '1*x', '-x' instead of '-1*x'). Assume the input is well-formed, contains only 'x', non-negative integers, '+', '-', '*', and '^'.";failed;"failed";"Test case 3 raised an exception: ValueError: invalid literal for int() with base 10: 'x'";"Unit test failed: Test case 3 raised an exception: ValueError: invalid literal for int() with base 10: 'x'";NULL;NULL;NULL
"Expressions-Hard-0-shot-1783823248377";"qwen/qwen3.7-plus";"Expressions";"Hard";"0-shot";NULL;NULL;NULL;2;"Maximize Expression Value by Inserting Operators";"Given a string of digits and a list of allowed mathematical operators ('+', '-', '*'), you can insert these operators between the digits or leave digits concatenated to form multi-digit numbers. Your task is to form a valid mathematical expression that yields the maximum possible integer value. Standard operator precedence applies ('*' is evaluated before '+' and '-'). Return the maximum possible integer value.";failed;"failed";"Test case 1 raised an exception: SyntaxError: invalid syntax (<string>, line 1)";"Unit test failed: Test case 1 raised an exception: SyntaxError: invalid syntax (<string>, line 1)";NULL;NULL;NULL
"Expressions-Hard-0-shot-1783823248377";"qwen/qwen3.7-plus";"Expressions";"Hard";"0-shot";NULL;NULL;NULL;3;"Evaluate Nested Let-Bound Expressions";"Evaluate a custom Lisp-like expression language. The language supports non-negative integers, addition '(+ a b)', subtraction '(- a b)', multiplication '(* a b)', and variable binding '(let var val expr)'. Variables can be referenced in 'expr' and shadow outer bindings. Return the evaluated integer. Assume all expressions are fully parenthesized and well-formed.";failed;"passed";NULL;NULL;"failed";"Classification mismatch: expected 'Hard' (level hard), got 'intermediate'";"This problem requires students to implement a basic parser and evaluator for a custom expression language. It involves tokenizing the input string, using recursion to handle nested structures, and managing variable scopes (including shadowing) using dictionaries or environment stacks. Although the fully parenthesized nature of the language simplifies the parsing process by eliminating the need for complex operator precedence rules, combining lexical analysis, recursive evaluation, and scope management requires writing a substantial amount of code and careful logical tracking. Most students will be able to solve it, but it will take a considerable amount of time and effort, fitting the intermediate difficulty level."
"Expressions-Hard-0-shot-1783823248377";"qwen/qwen3.7-plus";"Expressions";"Hard";"0-shot";NULL;NULL;NULL;4;"Infix to Postfix Converter with Functions";"Convert an infix mathematical expression to postfix (Reverse Polish Notation). The expression can contain single-letter variables, integers, '+', '-', '*', '/', '^', and functions like 'sin', 'cos', 'log'. Functions take one argument enclosed in parentheses. '^' is right-associative, others are left-associative. Precedence: functions > '^' > '*', '/' > '+', '-'. Return the postfix expression as a space-separated string.";passed;"passed";NULL;NULL;"passed";NULL;NULL
"Expressions-Hard-0-shot-1783823248377";"qwen/qwen3.7-plus";"Expressions";"Hard";"0-shot";NULL;NULL;NULL;5;"Simplify Linear Algebraic Expressions";"Given a string representing a linear algebraic expression with single-letter variables (e.g., '2*x + 3*y - x + 4*y'), simplify it by combining like terms. The output should be formatted with terms separated by ' + ' or ' - '. If a coefficient is 1, omit the '1*'. If a coefficient is -1, use '-'. Constants should be grouped and placed at the end. If the result is 0, return '0'. Assume the input is well-formed and contains only single lowercase letters, non-negative integers, '+', '-', and '*'.";failed;"passed";NULL;NULL;"failed";"Classification mismatch: expected 'Hard' (level hard), got 'intermediate'";"The problem requires parsing a mathematical expression from a string, extracting coefficients and variables, aggregating like terms using a data structure like a dictionary, and then formatting the output according to several specific rules (handling coefficients of 1 and -1, placing constants at the end, managing signs, etc.). This multi-step process involving string manipulation, parsing, and careful edge-case handling makes it an intermediate problem."
"Input/Output-Hard-0-shot-1783823625431";"qwen/qwen3.7-plus";"Input/Output";"Hard";"0-shot";NULL;NULL;NULL;1;"Cross-Chunk Stream Tokenizer";"Simulate reading from a stream where data arrives in arbitrary chunks. Write a function that takes a list of string chunks and returns a list of whitespace-separated tokens, correctly handling tokens that are split across chunk boundaries. Do not join the chunks into a single massive string before processing; handle them iteratively as if they were arriving from an I/O stream.";failed;"passed";NULL;NULL;"failed";"Classification mismatch: expected 'Hard' (level hard), got 'intermediate'";"This exercise requires students to maintain state across loop iterations to correctly handle tokens that are split across chunk boundaries. Because they are restricted from simply joining the chunks and using a basic split function, they must implement an iterative approach that carefully tracks and updates a ""carry-over"" partial token from one chunk to the next. Handling edge cases, such as chunks ending in whitespace or containing only whitespace, adds to the complexity. It requires more code and careful logical state management than a basic string manipulation problem, but it does not require advanced algorithms or complex data structures, placing it firmly in the intermediate category."
"Input/Output-Hard-0-shot-1783823625431";"qwen/qwen3.7-plus";"Input/Output";"Hard";"0-shot";NULL;NULL;NULL;2;"Robust CSV Stream Parser";"Parse a CSV formatted string into a list of rows (list of strings). Do not use the `csv` module. You must handle fields enclosed in double quotes, escaped double quotes (represented as two consecutive double quotes `""""`), and newlines within quoted fields. Process the string character by character to simulate reading a raw text stream.";failed;"failed";"Test case 5 failed: assert parse_csv_stream('') == [[]]";"Unit test failed: Test case 5 failed: assert parse_csv_stream('') == [[]]";NULL;NULL;NULL
"Input/Output-Hard-0-shot-1783823625431";"qwen/qwen3.7-plus";"Input/Output";"Hard";"0-shot";NULL;NULL;NULL;3;"Structured Data to Markdown Table";"Take a list of dictionaries (representing rows of data) and convert it into a formatted Markdown table string. Columns should be dynamically determined based on all keys present across all records, padded to the maximum width of each column, and separated by pipes. Handle missing keys gracefully by treating them as empty strings.";failed;"passed";NULL;NULL;"failed";"Classification mismatch: expected 'Hard' (level hard), got 'intermediate'";"The exercise requires multiple passes over the input data: first to collect all unique dictionary keys to determine the columns, then to calculate the maximum string width for each column (accounting for both headers and values), and finally to construct the formatted rows. It also requires handling edge cases like missing keys and applying precise string padding and alignment. While it does not require advanced algorithms, the multi-step data manipulation, dynamic column generation, and string formatting make it a solid intermediate task that will take most students some time to implement correctly."
"Input/Output-Hard-0-shot-1783823625431";"qwen/qwen3.7-plus";"Input/Output";"Hard";"0-shot";NULL;NULL;NULL;4;"INI Configuration Stream Parser";"Parse a string representing an INI configuration file into a nested dictionary. Handle sections `[section]`, key-value pairs `key = value`, comments starting with `;` or `#`, and ignore empty lines. Values outside any section should be stored in the root dictionary. Automatically cast values to integers, floats, or booleans (true/yes/false/no) if applicable.";failed;"passed";NULL;NULL;"failed";"Classification mismatch: expected 'Hard' (level hard), got 'intermediate'";"This exercise requires parsing structured text, which involves maintaining state (tracking the current section) and handling multiple conditions such as comments, empty lines, and root-level keys. Additionally, it requires implementing type inference and casting logic for integers, floats, and booleans. While it does not require complex algorithms, the combination of state management, string manipulation, and conditional type casting makes it a multi-step problem that takes more time and code than a basic exercise, fitting the intermediate level."
"Input/Output-Hard-0-shot-1783823625431";"qwen/qwen3.7-plus";"Input/Output";"Hard";"0-shot";NULL;NULL;NULL;5;"JSON Stream Object Extractor";"Given a continuous string containing multiple concatenated JSON objects (e.g., `{""a"": 1}{""b"": 2}`), extract and return a list of the parsed Python dictionaries. You may not use regular expressions. You must correctly handle nested braces and strings containing braces, quotes, or escape characters to accurately determine object boundaries.";passed;"passed";NULL;NULL;"passed";NULL;NULL
"Loop-Hard-0-shot-1783823949615";"qwen/qwen3.7-plus";"Loop";"Hard";"0-shot";NULL;NULL;NULL;1;"Spiral Matrix Traversal";"Given an `m x n` matrix, return all elements of the matrix in spiral order. You must use explicit loops to manage the boundaries (top, bottom, left, right) and traverse the matrix. Do not use built-in functions that bypass the loop logic.";failed;"passed";NULL;NULL;"failed";"Classification mismatch: expected 'Hard' (level hard), got 'intermediate'";"This problem requires careful management of multiple boundary variables (top, bottom, left, right) and complex index arithmetic to change directions correctly. Handling edge cases, such as non-square matrices or single-row/column matrices, without visiting elements twice requires a moderate amount of code and careful debugging. While it does not require advanced algorithmic concepts, the simulation and boundary tracking make it too complex for beginners to solve quickly, placing it firmly in the intermediate category."
"Loop-Hard-0-shot-1783823949615";"qwen/qwen3.7-plus";"Loop";"Hard";"0-shot";NULL;NULL;NULL;2;"Look-and-Say Sequence Generator";"The look-and-say sequence is generated by reading off the digits of the current number, counting the number of digits in groups of the same digit. For example, '1' is read as 'one 1' or '11'. '11' is read as 'two 1s' or '21'. Given an integer `n`, return the `n`th term of the sequence as a string. You must use a loop to count consecutive identical characters to build the next term.";failed;"passed";NULL;NULL;"failed";"Classification mismatch: expected 'Hard' (level hard), got 'intermediate'";"This problem requires string manipulation and careful state tracking using loops. Students must implement an outer loop to generate the sequence up to the nth term, and an inner loop or careful index management to count consecutive identical characters and construct the next term. This requires more code and time to debug than basic easy problems, but it does not involve the advanced algorithms or complex data structures typical of hard problems."
"Loop-Hard-0-shot-1783823949615";"qwen/qwen3.7-plus";"Loop";"Hard";"0-shot";NULL;NULL;NULL;3;"The Josephus Problem Survivor";"In the Josephus problem, `n` people stand in a circle. Starting from the first person, you count around the circle and eliminate every `k`th person. The process repeats with the remaining people until only one survives. Given `n` (number of people) and `k` (step count), return the 1-based index of the survivor. You must simulate or calculate the process using a loop.";failed;"failed";"Test case 3 failed: assert josephus_survivor(10, 4) == 3";"Unit test failed: Test case 3 failed: assert josephus_survivor(10, 4) == 3";NULL;NULL;NULL
"Loop-Hard-0-shot-1783823949615";"qwen/qwen3.7-plus";"Loop";"Hard";"0-shot";NULL;NULL;NULL;4;"In-Place 90-Degree Matrix Rotation";"Given an `n x n` 2D matrix, rotate it by 90 degrees clockwise. You must return a new matrix representing the rotated version. You are required to use nested loops to calculate the new indices for each element, rather than using built-in matrix manipulation libraries or advanced zip tricks.";failed;"passed";NULL;NULL;"failed";"Classification mismatch: expected 'Hard' (level hard), got 'intermediate'";"This exercise requires students to manipulate 2D arrays and deduce the mathematical relationship for rotating indices (mapping `(r, c)` to `(c, n - 1 - r)`). Because it restricts the use of simple Pythonic shortcuts like `zip` or list reversal, students must manually implement the nested loops and index calculations to build the new matrix. While returning a new matrix is slightly easier than doing it strictly in-place, the manual index mapping and nested iteration place this firmly in the intermediate category."
"Loop-Hard-0-shot-1783823949615";"qwen/qwen3.7-plus";"Loop";"Hard";"0-shot";NULL;NULL;NULL;5;"Maximum Collatz Sequence Length";"The Collatz sequence is defined for a positive integer `n` as follows: if `n` is even, the next number is `n / 2`; if `n` is odd, the next number is `3n + 1`. The sequence terminates when it reaches 1. Given a `limit`, find the starting number strictly less than `limit` (from 1 up to `limit - 1`) that produces the longest Collatz sequence. Return a tuple `(starting_number, sequence_length)`. You must use a loop to iterate through the range and another loop to calculate each sequence length.";failed;"passed";NULL;NULL;"failed";"Classification mismatch: expected 'Hard' (level hard), got 'intermediate'";"The problem requires implementing nested loops (one to iterate through the range of starting numbers and another to compute the Collatz sequence for each number) and tracking multiple state variables simultaneously (the current number, the current sequence length, the maximum sequence length found so far, and the starting number that produced it). While the underlying mathematical rules are simple, managing the nested loops and state tracking requires more code and careful logic than basic introductory exercises, placing it at the intermediate level."
"Operators-Hard-0-shot-1783824445803";"qwen/qwen3.7-plus";"Operators";"Hard";"0-shot";NULL;NULL;NULL;1;"32-Bit Bitwise Multiplier";"Implement the multiplication of two 32-bit signed integers using ONLY bitwise operators (&, |, ^, ~, <<, >>) and addition (+). You are strictly forbidden from using the multiplication (*) operator. The result must emulate standard 32-bit signed integer overflow (wrapping around). Handle all edge cases including negative numbers and zero. Assume the inputs are within the 32-bit signed integer range.";passed;"passed";NULL;NULL;"passed";NULL;NULL
"Operators-Hard-0-shot-1783824445803";"qwen/qwen3.7-plus";"Operators";"Hard";"0-shot";NULL;NULL;NULL;2;"Find the Unique Element with K Occurrences";"Given a list of integers where every element appears exactly `k` times except for one element which appears exactly `p` times (where `p < k`), find the unique element. You must use bitwise operators to count the bits modulo `k`. You cannot use hash maps, sorting, or the `count()` method. Handle negative numbers correctly assuming 32-bit signed integer representation.";failed;"failed";"Test case 2 failed: assert find_unique_element([0, 1, 0, 1, 0], 2, 1) == 1";"Unit test failed: Test case 2 failed: assert find_unique_element([0, 1, 0, 1, 0], 2, 1) == 1";NULL;NULL;NULL
"Operators-Hard-0-shot-1783824445803";"qwen/qwen3.7-plus";"Operators";"Hard";"0-shot";NULL;NULL;NULL;3;"Bitwise Integer Division";"Divide two integers `dividend` and `divisor` without using multiplication, division, or modulo operators. Return the quotient truncated towards zero. Assume a 32-bit signed integer environment. If the quotient is strictly greater than 2^31 - 1, return 2^31 - 1. You must use bitwise shift operators to achieve this efficiently.";passed;"passed";NULL;NULL;"passed";NULL;NULL
"Operators-Hard-0-shot-1783824445803";"qwen/qwen3.7-plus";"Operators";"Hard";"0-shot";NULL;NULL;NULL;4;"LEB128 Bitwise Decoder";"Implement a function that decodes an unsigned LEB128 (Little Endian Base 128) encoded integer from a list of bytes (integers from 0 to 255). In LEB128, each byte contains 7 bits of data and 1 continuation bit (the most significant bit). If the MSB is 1, the next byte is part of the integer. You must reconstruct the original integer using ONLY bitwise shift (<<, >>) and bitwise OR (|) operators. Do not use any built-in base conversion functions.";failed;"passed";NULL;NULL;"failed";"Classification mismatch: expected 'Hard' (level hard), got 'intermediate'";"This exercise requires a solid understanding of bitwise operations, specifically masking, shifting, and logical OR. Students must implement a specific decoding algorithm by iterating through the bytes, extracting the 7 data bits, checking the most significant bit for continuation, and accumulating the result. While the algorithm itself is a straightforward loop, working with bitwise logic and avoiding shift or mask errors takes a moderate amount of time and practice, placing it firmly in the intermediate category."
"Variables-Hard-0-shot-1783825506435";"qwen/qwen3.7-plus";"Variables";"Hard";"0-shot";NULL;NULL;NULL;1;"Memory Alias Grouping";"In Python, variables are simply references (or labels) pointing to objects in memory. Given a dictionary where keys are variable names (strings) and values are the objects they reference, write a function to group the variable names by the memory address (`id()`) of the objects they point to. Return a list of lists, where each inner list contains the names of variables that reference the exact same object in memory. The order of the groups should match the order of the first appearance of each unique object, and the order of names within each group should match their order of appearance in the dictionary.";failed;"passed";NULL;NULL;"failed";"Classification mismatch: expected 'Hard' (level hard), got 'easy'";"The exercise primarily tests basic dictionary iteration, the `id()` function, and a standard grouping pattern. The problem statement explicitly provides the `id()` function to use, and Python's default dictionary insertion order (since Python 3.7) naturally handles the required ordering constraints without extra logic. The solution only requires a simple loop and a few lines of code, allowing most students to solve it quickly."
"Variables-Hard-0-shot-1783825506435";"qwen/qwen3.7-plus";"Variables";"Hard";"0-shot";NULL;NULL;NULL;2;"Closure Variable Binding Fix";"When creating functions inside a loop, Python's late binding can cause all functions to use the final value of the loop variable. Write a function `create_multipliers(n)` that returns a list of `n` lambda functions. The i-th function (0-indexed) should multiply its argument by `i`. You must correctly capture the loop variable during the variable binding phase so that the late binding trap is avoided.";failed;"passed";NULL;NULL;"failed";"Classification mismatch: expected 'Hard' (level hard), got 'intermediate'";"This problem tests a specific intermediate Python concept: closure late binding and variable scoping in loops. While the final solution is very concise (typically just adding a default argument like `i=i` to the lambda definition), understanding why the naive approach fails and knowing the correct workaround requires a deeper understanding of Python's evaluation model. It goes beyond basic syntax, simple loops, and standard logic problems, placing it firmly in the intermediate category."
"Variables-Hard-0-shot-1783825506435";"qwen/qwen3.7-plus";"Variables";"Hard";"0-shot";NULL;NULL;NULL;3;"Advanced Unpacking and Variable Rotation";"Given a list of at least 3 elements, use advanced iterable unpacking to assign the first element to `head`, the last two elements to `tail1` and `tail2`, and all elements in between to `middle` (as a list). Then, rotate these variables such that the new `head` is the old `tail2`, the new `tail1` is the old `head`, the new `tail2` is the old `tail1`, and the new `middle` is the reversed old `middle`. Return a tuple of the new variables in the order: `(head, middle, tail1, tail2)`.";failed;"passed";NULL;NULL;"failed";"Classification mismatch: expected 'Hard' (level hard), got 'intermediate'";"The problem requires knowledge of specific, slightly advanced Python features, namely iterable unpacking with the asterisk (*) operator (e.g., `head, *middle, tail1, tail2 = data`). Additionally, it involves multi-step logical tracking: correctly extracting the list segments, reversing the middle segment, reassigning the variables according to the rotation rules, and formatting the final output as a specific tuple. While the final code is concise, the conceptual understanding of unpacking mechanics and careful variable manipulation place it beyond basic beginner tasks, making it a solid intermediate exercise."
"Variables-Hard-0-shot-1783825506435";"qwen/qwen3.7-plus";"Variables";"Hard";"0-shot";NULL;NULL;NULL;4;"Dynamic Variable Injection and Evaluation";"Write a function that takes a mathematical expression as a string and a dictionary of variables. The function should dynamically inject these variables into a restricted local scope, evaluate the expression, and return the result as a float. Ensure that the evaluation does not have access to the function's local variables or global built-ins, preventing any security leaks or unintended variable shadowing.";failed;"passed";NULL;NULL;"failed";"Classification mismatch: expected 'Hard' (level hard), got 'intermediate'";"While the final code is relatively short, the problem requires an intermediate understanding of Python's execution environment, scoping rules, and security mechanics. A naive use of `eval()` will expose global built-ins and the function's local variables, failing the strict isolation constraints. Students must specifically know how to manipulate the `globals` and `locals` parameters of `eval()` and neutralize the `__builtins__` dictionary (e.g., by passing `{'__builtins__': {}}` or `None`) to create a secure, restricted scope. This conceptual hurdle regarding Python's internal mechanics and security elevates it beyond an easy problem, even though it doesn't require writing a massive amount of code."
"Variables-Hard-0-shot-1783825506435";"qwen/qwen3.7-plus";"Variables";"Hard";"0-shot";NULL;NULL;NULL;5;"Circular Variable Dependency Resolver";"You are given a dictionary representing variable dependencies, where keys are variable names and values are strings representing expressions that may depend on other variables. For example, `{'a': 'b + 1', 'b': '5'}`. Write a function to resolve all variables in the correct topological order and return a dictionary with the final evaluated integer values. You can assume there are no circular dependencies and all expressions will evaluate to integers. Hint: You can use exception handling on `NameError` to dynamically discover and resolve missing variable dependencies.";failed;"failed";"Test case 1 failed: assert resolve_vars({'a': 'b + 1', 'b': '5'}) == {'b': 5, 'a': 6}";"Unit test failed: Test case 1 failed: assert resolve_vars({'a': 'b + 1', 'b': '5'}) == {'b': 5, 'a': 6}";NULL;NULL;NULL
"Conditionals-Easy-1-shot-1783825972079";"qwen/qwen3.7-plus";"Conditionals";"Easy";"1-shot";"Given three integers u1, u2, u3 in increasing order, determine whether they form a geometric sequence. A geometric sequence satisfies u2/u1 == u3/u2 (using integer division). Return 'ya' if it is geometric, 'tidak' otherwise.";NULL;NULL;1;"Even or Odd Checker";"Given an integer n, return the string 'Even' if n is divisible by 2, and 'Odd' otherwise.";passed;"passed";NULL;NULL;"passed";NULL;NULL
"Conditionals-Easy-1-shot-1783825972079";"qwen/qwen3.7-plus";"Conditionals";"Easy";"1-shot";"Given three integers u1, u2, u3 in increasing order, determine whether they form a geometric sequence. A geometric sequence satisfies u2/u1 == u3/u2 (using integer division). Return 'ya' if it is geometric, 'tidak' otherwise.";NULL;NULL;2;"Letter Grade";"Given an integer score between 0 and 100, return the corresponding letter grade as a string. Return 'A' for 90-100, 'B' for 80-89, 'C' for 70-79, 'D' for 60-69, and 'F' for anything below 60.";passed;"passed";NULL;NULL;"passed";NULL;NULL
"Conditionals-Easy-1-shot-1783825972079";"qwen/qwen3.7-plus";"Conditionals";"Easy";"1-shot";"Given three integers u1, u2, u3 in increasing order, determine whether they form a geometric sequence. A geometric sequence satisfies u2/u1 == u3/u2 (using integer division). Return 'ya' if it is geometric, 'tidak' otherwise.";NULL;NULL;3;"Custom Absolute Value";"Given an integer x, return its absolute value using conditionals. Do not use the built-in abs() function.";passed;"passed";NULL;NULL;"passed";NULL;NULL
"Conditionals-Easy-1-shot-1783825972079";"qwen/qwen3.7-plus";"Conditionals";"Easy";"1-shot";"Given three integers u1, u2, u3 in increasing order, determine whether they form a geometric sequence. A geometric sequence satisfies u2/u1 == u3/u2 (using integer division). Return 'ya' if it is geometric, 'tidak' otherwise.";NULL;NULL;4;"Leap Year Checker";"Given an integer year, return True if it is a leap year, and False otherwise. A year is a leap year if it is divisible by 4, except for end-of-century years, which must be divisible by 400.";passed;"passed";NULL;NULL;"passed";NULL;NULL
"Conditionals-Easy-1-shot-1783825972079";"qwen/qwen3.7-plus";"Conditionals";"Easy";"1-shot";"Given three integers u1, u2, u3 in increasing order, determine whether they form a geometric sequence. A geometric sequence satisfies u2/u1 == u3/u2 (using integer division). Return 'ya' if it is geometric, 'tidak' otherwise.";NULL;NULL;5;"Maximum of Three";"Given three integers a, b, and c, return the largest of the three using conditionals. Do not use the built-in max() function.";passed;"passed";NULL;NULL;"passed";NULL;NULL
"Constants-Easy-1-shot-1783826650118";"qwen/qwen3.7-plus";"Constants";"Easy";"1-shot";"Declare two string constants: MSG_SUCCESS = 'Operasi Berhasil' and MSG_ERROR = 'Terjadi Kesalahan'. Create a function cek_status(kode) that returns MSG_SUCCESS if kode equals 200, otherwise returns MSG_ERROR.";NULL;NULL;1;"Circle Area";"Define a constant PI = 3.14159. Write a function circle_area(radius) that returns the area of a circle using the formula PI * radius * radius.";passed;"passed";NULL;NULL;"passed";NULL;NULL
"Constants-Easy-1-shot-1783826650118";"qwen/qwen3.7-plus";"Constants";"Easy";"1-shot";"Declare two string constants: MSG_SUCCESS = 'Operasi Berhasil' and MSG_ERROR = 'Terjadi Kesalahan'. Create a function cek_status(kode) that returns MSG_SUCCESS if kode equals 200, otherwise returns MSG_ERROR.";NULL;NULL;2;"Tax Calculation";"Define a constant TAX_RATE = 0.11. Write a function calculate_total(price) that returns the price plus the tax amount (price * TAX_RATE).";passed;"passed";NULL;NULL;"passed";NULL;NULL
"Constants-Easy-1-shot-1783826650118";"qwen/qwen3.7-plus";"Constants";"Easy";"1-shot";"Declare two string constants: MSG_SUCCESS = 'Operasi Berhasil' and MSG_ERROR = 'Terjadi Kesalahan'. Create a function cek_status(kode) that returns MSG_SUCCESS if kode equals 200, otherwise returns MSG_ERROR.";NULL;NULL;3;"Seconds in Years";"Define constants SECONDS_PER_MINUTE = 60, MINUTES_PER_HOUR = 60, HOURS_PER_DAY = 24, and DAYS_PER_YEAR = 365. Write a function seconds_in_years(years) that calculates and returns the total number of seconds in the given number of years.";passed;"passed";NULL;NULL;"passed";NULL;NULL
"Constants-Easy-1-shot-1783826650118";"qwen/qwen3.7-plus";"Constants";"Easy";"1-shot";"Declare two string constants: MSG_SUCCESS = 'Operasi Berhasil' and MSG_ERROR = 'Terjadi Kesalahan'. Create a function cek_status(kode) that returns MSG_SUCCESS if kode equals 200, otherwise returns MSG_ERROR.";NULL;NULL;4;"Weight on the Moon";"Define a constant MOON_GRAVITY_FACTOR = 0.165. Write a function moon_weight(earth_weight) that returns the weight of an object on the moon by multiplying its Earth weight by the MOON_GRAVITY_FACTOR.";passed;"passed";NULL;NULL;"passed";NULL;NULL
"Constants-Easy-1-shot-1783826650118";"qwen/qwen3.7-plus";"Constants";"Easy";"1-shot";"Declare two string constants: MSG_SUCCESS = 'Operasi Berhasil' and MSG_ERROR = 'Terjadi Kesalahan'. Create a function cek_status(kode) that returns MSG_SUCCESS if kode equals 200, otherwise returns MSG_ERROR.";NULL;NULL;5;"Elevator Capacity";"Define a constant MAX_CAPACITY = 500. Write a function is_safe(total_weight) that returns True if total_weight is less than or equal to MAX_CAPACITY, and False otherwise.";passed;"passed";NULL;NULL;"passed";NULL;NULL
"Expressions-Easy-1-shot-1783826907379";"qwen/qwen3.7-plus";"Expressions";"Easy";"1-shot";"Create two variables: alas = 10 and tinggi = 15. Write a function hitung_luas() that calculates the area of a triangle using the arithmetic expression 0.5 * alas * tinggi and returns the result.";NULL;NULL;1;"Sum and Product";"Create two variables: a = 7 and b = 3. Write a function sum_and_product() that returns a list containing their sum (a + b) and their product (a * b) using arithmetic expressions.";passed;"passed";NULL;NULL;"passed";NULL;NULL
"Expressions-Easy-1-shot-1783826907379";"qwen/qwen3.7-plus";"Expressions";"Easy";"1-shot";"Create two variables: alas = 10 and tinggi = 15. Write a function hitung_luas() that calculates the area of a triangle using the arithmetic expression 0.5 * alas * tinggi and returns the result.";NULL;NULL;2;"Celsius to Fahrenheit";"Write a function celsius_to_fahrenheit(c) that takes a temperature in Celsius and returns the Fahrenheit equivalent using the arithmetic expression (c * 9 / 5) + 32.";passed;"passed";NULL;NULL;"passed";NULL;NULL
"Expressions-Easy-1-shot-1783826907379";"qwen/qwen3.7-plus";"Expressions";"Easy";"1-shot";"Create two variables: alas = 10 and tinggi = 15. Write a function hitung_luas() that calculates the area of a triangle using the arithmetic expression 0.5 * alas * tinggi and returns the result.";NULL;NULL;3;"Remainder Expression";"Write a function get_remainder(dividend, divisor) that returns the remainder of dividing dividend by divisor using the modulo expression dividend % divisor.";passed;"passed";NULL;NULL;"passed";NULL;NULL
"Expressions-Easy-1-shot-1783826907379";"qwen/qwen3.7-plus";"Expressions";"Easy";"1-shot";"Create two variables: alas = 10 and tinggi = 15. Write a function hitung_luas() that calculates the area of a triangle using the arithmetic expression 0.5 * alas * tinggi and returns the result.";NULL;NULL;4;"Calculate Distance";"Write a function calculate_distance(speed, time) that calculates the distance traveled using the arithmetic expression speed * time.";passed;"passed";NULL;NULL;"passed";NULL;NULL
"Expressions-Easy-1-shot-1783826907379";"qwen/qwen3.7-plus";"Expressions";"Easy";"1-shot";"Create two variables: alas = 10 and tinggi = 15. Write a function hitung_luas() that calculates the area of a triangle using the arithmetic expression 0.5 * alas * tinggi and returns the result.";NULL;NULL;5;"Total Cost with Tax";"Write a function total_cost(price, tax_rate) that calculates the final price of an item using the expression price + (price * tax_rate).";passed;"passed";NULL;NULL;"passed";NULL;NULL
"Input/Output-Easy-1-shot-1783827059478";"qwen/qwen3.7-plus";"Input/Output";"Easy";"1-shot";"Write a function format_harga(harga) that formats a number as Indonesian Rupiah using commas as thousands separators and two decimal places. For example, 12500000 should become 'Rp 12,500,000.00'.";NULL;NULL;1;"Greeting Output";"Write a function create_greeting(name) that takes a string name and returns a greeting string formatted exactly as: 'Hello, [name]! Welcome to Python.' This simulates generating output for the user.";passed;"passed";NULL;NULL;"passed";NULL;NULL
"Input/Output-Easy-1-shot-1783827059478";"qwen/qwen3.7-plus";"Input/Output";"Easy";"1-shot";"Write a function format_harga(harga) that formats a number as Indonesian Rupiah using commas as thousands separators and two decimal places. For example, 12500000 should become 'Rp 12,500,000.00'.";NULL;NULL;2;"Parse Integer Input";"Write a function parse_to_int(input_str) that takes a string representing a whole number (simulating raw user input) and returns it as an integer.";passed;"passed";NULL;NULL;"passed";NULL;NULL
"Input/Output-Easy-1-shot-1783827059478";"qwen/qwen3.7-plus";"Input/Output";"Easy";"1-shot";"Write a function format_harga(harga) that formats a number as Indonesian Rupiah using commas as thousands separators and two decimal places. For example, 12500000 should become 'Rp 12,500,000.00'.";NULL;NULL;3;"Percentage Output Formatter";"Write a function format_percentage(decimal_val) that takes a float between 0 and 1 and returns a string formatted as a percentage with one decimal place. This is useful for displaying calculated results as output.";passed;"passed";NULL;NULL;"passed";NULL;NULL
"Input/Output-Easy-1-shot-1783827059478";"qwen/qwen3.7-plus";"Input/Output";"Easy";"1-shot";"Write a function format_harga(harga) that formats a number as Indonesian Rupiah using commas as thousands separators and two decimal places. For example, 12500000 should become 'Rp 12,500,000.00'.";NULL;NULL;4;"Uppercase Echo";"Write a function echo_uppercase(text) that simulates an output system echoing user input in all uppercase letters.";passed;"passed";NULL;NULL;"passed";NULL;NULL
"Input/Output-Easy-1-shot-1783827059478";"qwen/qwen3.7-plus";"Input/Output";"Easy";"1-shot";"Write a function format_harga(harga) that formats a number as Indonesian Rupiah using commas as thousands separators and two decimal places. For example, 12500000 should become 'Rp 12,500,000.00'.";NULL;NULL;5;"Format Table Row";"Write a function format_table_row(item, quantity, price) that formats data for tabular output. It should return a string in the format: '[item] | Qty: [quantity] | Price: $[price]', where price is formatted to exactly two decimal places.";passed;"passed";NULL;NULL;"passed";NULL;NULL
"Loop-Easy-1-shot-1783827227446";"qwen/qwen3.7-plus";"Loop";"Easy";"1-shot";"Given a list tamu = ['Andi', 'Budi', 'Citra'], write a function sapa_tamu() that returns a list of greeting strings for each guest in the format 'Halo {nama}, selamat datang!'.";NULL;NULL;1;"Sum of Range";"Write a function sum_range(n) that uses a loop to calculate the sum of all integers from 1 to n (inclusive).";passed;"passed";NULL;NULL;"passed";NULL;NULL
"Loop-Easy-1-shot-1783827227446";"qwen/qwen3.7-plus";"Loop";"Easy";"1-shot";"Given a list tamu = ['Andi', 'Budi', 'Citra'], write a function sapa_tamu() that returns a list of greeting strings for each guest in the format 'Halo {nama}, selamat datang!'.";NULL;NULL;2;"Count Vowels";"Write a function count_vowels(text) that uses a loop to count the number of vowels ('a', 'e', 'i', 'o', 'u') in a given string text. Assume the input is lowercase.";passed;"passed";NULL;NULL;"passed";NULL;NULL
"Loop-Easy-1-shot-1783827227446";"qwen/qwen3.7-plus";"Loop";"Easy";"1-shot";"Given a list tamu = ['Andi', 'Budi', 'Citra'], write a function sapa_tamu() that returns a list of greeting strings for each guest in the format 'Halo {nama}, selamat datang!'.";NULL;NULL;3;"Reverse List";"Write a function reverse_list(items) that uses a loop to create and return a new list with the elements of items in reverse order. Do not use the built-in reverse() method or slicing.";passed;"passed";NULL;NULL;"passed";NULL;NULL
"Loop-Easy-1-shot-1783827227446";"qwen/qwen3.7-plus";"Loop";"Easy";"1-shot";"Given a list tamu = ['Andi', 'Budi', 'Citra'], write a function sapa_tamu() that returns a list of greeting strings for each guest in the format 'Halo {nama}, selamat datang!'.";NULL;NULL;4;"Find Maximum";"Write a function find_max(numbers) that uses a loop to find and return the largest number in a list of integers. Assume the list is not empty.";passed;"passed";NULL;NULL;"passed";NULL;NULL
"Loop-Easy-1-shot-1783827227446";"qwen/qwen3.7-plus";"Loop";"Easy";"1-shot";"Given a list tamu = ['Andi', 'Budi', 'Citra'], write a function sapa_tamu() that returns a list of greeting strings for each guest in the format 'Halo {nama}, selamat datang!'.";NULL;NULL;5;"Multiplication Table";"Write a function multiplication_table(n) that uses a loop to generate a list of strings representing the multiplication table for n from 1 to 5. The format for each string should be '{n} x {i} = {result}'.";passed;"passed";NULL;NULL;"passed";NULL;NULL
"Operators-Easy-1-shot-1783827445921";"qwen/qwen3.7-plus";"Operators";"Easy";"1-shot";"You have 23 pieces of cake to distribute equally among 5 children. Write a function bagi_kue() that returns a tuple containing the number of whole pieces each child receives and the remaining pieces using the floor division (//) and modulo (%) operators.";NULL;NULL;1;"Rectangle Area and Perimeter";"Write a function calculate_rectangle(width, height) that returns a tuple containing the area and the perimeter of a rectangle. Use the multiplication (*) and addition (+) operators.";passed;"passed";NULL;NULL;"passed";NULL;NULL
"Operators-Easy-1-shot-1783827445921";"qwen/qwen3.7-plus";"Operators";"Easy";"1-shot";"You have 23 pieces of cake to distribute equally among 5 children. Write a function bagi_kue() that returns a tuple containing the number of whole pieces each child receives and the remaining pieces using the floor division (//) and modulo (%) operators.";NULL;NULL;2;"Age Eligibility";"Write a function is_eligible(age) that returns True if the given age is greater than or equal to 18 using comparison operators, and False otherwise.";passed;"passed";NULL;NULL;"passed";NULL;NULL
"Operators-Easy-1-shot-1783827445921";"qwen/qwen3.7-plus";"Operators";"Easy";"1-shot";"You have 23 pieces of cake to distribute equally among 5 children. Write a function bagi_kue() that returns a tuple containing the number of whole pieces each child receives and the remaining pieces using the floor division (//) and modulo (%) operators.";NULL;NULL;3;"Password Validation";"Write a function is_valid_password(length, has_digit) that returns True if the password length is strictly greater than 8 AND it contains a digit (has_digit is True). Use logical operators.";passed;"passed";NULL;NULL;"passed";NULL;NULL
"Operators-Easy-1-shot-1783827445921";"qwen/qwen3.7-plus";"Operators";"Easy";"1-shot";"You have 23 pieces of cake to distribute equally among 5 children. Write a function bagi_kue() that returns a tuple containing the number of whole pieces each child receives and the remaining pieces using the floor division (//) and modulo (%) operators.";NULL;NULL;4;"Square and Cube";"Write a function powers(num) that returns a tuple containing the square and the cube of the given number. Use the exponentiation (**) operator.";passed;"passed";NULL;NULL;"passed";NULL;NULL
"Operators-Easy-1-shot-1783827445921";"qwen/qwen3.7-plus";"Operators";"Easy";"1-shot";"You have 23 pieces of cake to distribute equally among 5 children. Write a function bagi_kue() that returns a tuple containing the number of whole pieces each child receives and the remaining pieces using the floor division (//) and modulo (%) operators.";NULL;NULL;5;"Even Number Checker";"Write a function is_even(number) that returns True if the number is exactly divisible by 2, and False otherwise. Use the modulo (%) and equality (==) operators.";passed;"passed";NULL;NULL;"passed";NULL;NULL
"Variables-Easy-1-shot-1783827588388";"qwen/qwen3.7-plus";"Variables";"Easy";"1-shot";"Declare three variables x, y, and z in a single line with the values 10, 20, and 30. Create another variable named total that stores the sum of x, y, and z. Write a function hitung_total() that returns total.";NULL;NULL;1;"Swap Variables";"Write a function swap_values(a, b) that takes two variables, swaps their values, and returns them as a tuple in the reversed order.";passed;"passed";NULL;NULL;"passed";NULL;NULL
"Variables-Easy-1-shot-1783827588388";"qwen/qwen3.7-plus";"Variables";"Easy";"1-shot";"Declare three variables x, y, and z in a single line with the values 10, 20, and 30. Create another variable named total that stores the sum of x, y, and z. Write a function hitung_total() that returns total.";NULL;NULL;2;"Greeting Variable";"Write a function create_greeting(name) that takes a string variable name and returns a new string variable formatted as 'Hello, [name]!'.";passed;"passed";NULL;NULL;"passed";NULL;NULL
"Variables-Easy-1-shot-1783827588388";"qwen/qwen3.7-plus";"Variables";"Easy";"1-shot";"Declare three variables x, y, and z in a single line with the values 10, 20, and 30. Create another variable named total that stores the sum of x, y, and z. Write a function hitung_total() that returns total.";NULL;NULL;3;"String to Integer Casting";"Write a function add_string_numbers(str1, str2) that takes two string variables representing numbers, converts them into integer variables, adds them together, and returns the integer result.";passed;"passed";NULL;NULL;"passed";NULL;NULL
"Variables-Easy-1-shot-1783827588388";"qwen/qwen3.7-plus";"Variables";"Easy";"1-shot";"Declare three variables x, y, and z in a single line with the values 10, 20, and 30. Create another variable named total that stores the sum of x, y, and z. Write a function hitung_total() that returns total.";NULL;NULL;4;"Increment Variable";"Write a function increment_value(current_value) that takes an integer variable, adds 5 to it, and returns the updated value.";passed;"passed";NULL;NULL;"passed";NULL;NULL
"Variables-Easy-1-shot-1783827588388";"qwen/qwen3.7-plus";"Variables";"Easy";"1-shot";"Declare three variables x, y, and z in a single line with the values 10, 20, and 30. Create another variable named total that stores the sum of x, y, and z. Write a function hitung_total() that returns total.";NULL;NULL;5;"Boolean Variable Check";"Write a function is_even(number) that takes an integer variable number and returns a boolean variable indicating whether the number is even.";passed;"passed";NULL;NULL;"passed";NULL;NULL
"Conditionals-Medium-1-shot-1783865316764";"qwen/qwen3.7-plus";"Conditionals";"Medium";"1-shot";"A bus will depart only if the number of passengers is between 50% and 75% of its capacity. Given capacity and passengers as integers, return 'berangkat' if the bus departs, 'tidak berangkat' otherwise.";NULL;NULL;1;"Leap Year Checker";"Write a function that determines if a given year is a leap year. A year is a leap year if it is divisible by 4. However, if the year is divisible by 100, it is not a leap year, unless it is also divisible by 400, in which case it is a leap year. Return True if it is a leap year, and False otherwise.";failed;"passed";NULL;NULL;"failed";"Classification mismatch: expected 'Medium' (level intermediate), got 'easy'";"This exercise only requires basic arithmetic (the modulo operator) and simple conditional or boolean logic. It can be solved in just a few lines of code, and most students will be able to solve it quickly as it is a standard introductory programming problem."
"Conditionals-Medium-1-shot-1783865316764";"qwen/qwen3.7-plus";"Conditionals";"Medium";"1-shot";"A bus will depart only if the number of passengers is between 50% and 75% of its capacity. Given capacity and passengers as integers, return 'berangkat' if the bus departs, 'tidak berangkat' otherwise.";NULL;NULL;2;"Dynamic Shipping Cost";"Calculate the shipping cost for a package. The base cost is $5. If the weight exceeds 10 kg, add $2 for every additional kg. If the shipping day is a weekend (Saturday is 6, Sunday is 7), add a $10 weekend surcharge. Finally, if the customer is a premium member, apply a 20% discount to the total cost. Return the final cost as a float.";failed;"passed";NULL;NULL;"failed";"Classification mismatch: expected 'Medium' (level intermediate), got 'easy'";"The problem only requires basic arithmetic operations and simple conditional statements (if/else) to apply the various modifiers to the base cost. It does not involve loops, complex data structures, or advanced algorithms. Most students will be able to solve it quickly by writing just a few lines of straightforward code."
"Conditionals-Medium-1-shot-1783865316764";"qwen/qwen3.7-plus";"Conditionals";"Medium";"1-shot";"A bus will depart only if the number of passengers is between 50% and 75% of its capacity. Given capacity and passengers as integers, return 'berangkat' if the bus departs, 'tidak berangkat' otherwise.";NULL;NULL;3;"System Access Validator";"Determine if a user should be granted access to a system based on their role and the current hour. Admins are granted access at any hour. Regular users are granted access only if the hour is between 9 and 17 (inclusive). All other roles are denied access. Return 'Access Granted' or 'Access Denied'.";failed;"passed";NULL;NULL;"failed";"Classification mismatch: expected 'Medium' (level intermediate), got 'easy'";"The problem only requires basic conditional statements (if/elif/else) and simple comparison operators to evaluate the user's role and the current hour. It can be solved quickly with just a few lines of code, making it a standard beginner-level exercise for learning basic control flow."
"Conditionals-Medium-1-shot-1783865316764";"qwen/qwen3.7-plus";"Conditionals";"Medium";"1-shot";"A bus will depart only if the number of passengers is between 50% and 75% of its capacity. Given capacity and passengers as integers, return 'berangkat' if the bus departs, 'tidak berangkat' otherwise.";NULL;NULL;4;"Theme Park Ticket Pricing";"Calculate the price of a theme park ticket. The base price is $100. Children under 12 and seniors 65 or older get a discounted price of $50. If it is a holiday (is_holiday is True) and the guest is a senior (65 or older), they receive an additional discount, making their ticket $40. Return the final ticket price as an integer.";failed;"passed";NULL;NULL;"failed";"Classification mismatch: expected 'Medium' (level intermediate), got 'easy'";"The problem only requires basic conditional statements (if, elif, else) and simple logical operators. It can be solved in just a few lines of code without needing loops, complex data structures, or advanced algorithms, making it a very straightforward task for beginners."
"Conditionals-Medium-1-shot-1783865316764";"qwen/qwen3.7-plus";"Conditionals";"Medium";"1-shot";"A bus will depart only if the number of passengers is between 50% and 75% of its capacity. Given capacity and passengers as integers, return 'berangkat' if the bus departs, 'tidak berangkat' otherwise.";NULL;NULL;5;"Password Strength Evaluator";"Evaluate the strength of a password. A password must be at least 8 characters long. It is considered 'Strong' if it contains at least one uppercase letter, one lowercase letter, and one digit. If it is at least 8 characters long and contains exactly two of these three categories, it is 'Medium'. Otherwise, it is 'Weak'. Return 'Strong', 'Medium', or 'Weak'.";failed;"passed";NULL;NULL;"failed";"Classification mismatch: expected 'Medium' (level intermediate), got 'easy'";"This exercise requires basic string manipulation and simple conditional logic. Students only need to use built-in string methods (like `isupper()`, `islower()`, and `isdigit()`) and check the string length. It can be solved quickly with just a few lines of code using straightforward `if/elif/else` statements, making it a classic beginner-level task."
"Constants-Medium-1-shot-1783865646987";"qwen/qwen3.7-plus";"Constants";"Medium";"1-shot";"Use collections.namedtuple to create a structure named Warna. Create constants MERAH = Warna(255,0,0), HIJAU = Warna(0,255,0), and BIRU = Warna(0,0,255). Write a function campur_warna(warna1, warna2) that returns a new RGB tuple containing the average value of each component.";NULL;NULL;1;"Physics Constants";"Define module-level constants for the speed of light C = 299792458 and gravitational constant G = 6.67430e-11. Write a function escape_velocity(mass, radius) that calculates the escape velocity using the formula sqrt(2 * G * mass / radius). Import math for the square root.";failed;"failed";"Test case 2 failed: assert math.isclose(escape_velocity(1.898e27, 6.9911e7), 59500.0, rel_tol=1e-2)";"Unit test failed: Test case 2 failed: assert math.isclose(escape_velocity(1.898e27, 6.9911e7), 59500.0, rel_tol=1e-2)";NULL;NULL;NULL
"Constants-Medium-1-shot-1783865646987";"qwen/qwen3.7-plus";"Constants";"Medium";"1-shot";"Use collections.namedtuple to create a structure named Warna. Create constants MERAH = Warna(255,0,0), HIJAU = Warna(0,255,0), and BIRU = Warna(0,0,255). Write a function campur_warna(warna1, warna2) that returns a new RGB tuple containing the average value of each component.";NULL;NULL;2;"Golden Ratio Constants";"Define a constant PHI = (1 + math.sqrt(5)) / 2 representing the Golden Ratio. Write a function fibonacci_approx(n) that calculates the nth Fibonacci number using Binet's formula: round(PHI**n / math.sqrt(5)).";failed;"passed";NULL;NULL;"failed";"Classification mismatch: expected 'Medium' (level intermediate), got 'easy'";"The exercise provides the exact mathematical formula needed to compute the answer (`round(PHI**n / math.sqrt(5))`). It only requires basic arithmetic operations, exponentiation, and using the `math` module. Since the student simply needs to translate the provided formula into a single line of code, it can be solved very quickly with minimal effort."
"Constants-Medium-1-shot-1783865646987";"qwen/qwen3.7-plus";"Constants";"Medium";"1-shot";"Use collections.namedtuple to create a structure named Warna. Create constants MERAH = Warna(255,0,0), HIJAU = Warna(0,255,0), and BIRU = Warna(0,0,255). Write a function campur_warna(warna1, warna2) that returns a new RGB tuple containing the average value of each component.";NULL;NULL;3;"Time Conversion Constants";"Define constants SECONDS_IN_MINUTE = 60, SECONDS_IN_HOUR = 3600, and SECONDS_IN_DAY = 86400. Write a function format_duration(total_seconds) that converts a total number of seconds into a string formatted as 'X days, Y hours, Z minutes, W seconds'.";failed;"passed";NULL;NULL;"failed";"Classification mismatch: expected 'Medium' (level intermediate), got 'easy'";"This exercise only requires basic arithmetic operations (integer division and modulo) to break down the total seconds into days, hours, minutes, and remaining seconds, along with simple string formatting to construct the final output. It can be solved in just a few lines of straightforward code without the need for complex logic, loops, or advanced data structures, making it highly accessible for beginners."
"Constants-Medium-1-shot-1783865646987";"qwen/qwen3.7-plus";"Constants";"Medium";"1-shot";"Use collections.namedtuple to create a structure named Warna. Create constants MERAH = Warna(255,0,0), HIJAU = Warna(0,255,0), and BIRU = Warna(0,0,255). Write a function campur_warna(warna1, warna2) that returns a new RGB tuple containing the average value of each component.";NULL;NULL;4;"Data Size Constants";"Define constants for data sizes in bytes: KB = 1024, MB = 1024 * KB, GB = 1024 * MB, TB = 1024 * GB. Write a function format_file_size(size_in_bytes) that returns a string representing the size in the largest appropriate unit (TB, GB, MB, KB, or Bytes), rounded to 2 decimal places. If it's less than 1 KB, return 'X Bytes' (where X is the integer size).";passed;"passed";NULL;NULL;"passed";NULL;NULL
"Constants-Medium-1-shot-1783865646987";"qwen/qwen3.7-plus";"Constants";"Medium";"1-shot";"Use collections.namedtuple to create a structure named Warna. Create constants MERAH = Warna(255,0,0), HIJAU = Warna(0,255,0), and BIRU = Warna(0,0,255). Write a function campur_warna(warna1, warna2) that returns a new RGB tuple containing the average value of each component.";NULL;NULL;5;"Pricing Constants";"Define constants for a store's pricing: TAX_RATE = 0.08, DISCOUNT_THRESHOLD = 100.0, and DISCOUNT_RATE = 0.10. Write a function calculate_total(prices) that takes a list of item prices, applies a 10% discount to the subtotal if it meets or exceeds the threshold, and then applies the tax rate to the discounted subtotal. Return the final total rounded to 2 decimal places.";failed;"failed";"Test case 4 failed: assert calculate_total([100.0]) == 108.0";"Unit test failed: Test case 4 failed: assert calculate_total([100.0]) == 108.0";NULL;NULL;NULL
"Expressions-Medium-1-shot-1783865865405";"qwen/qwen3.7-plus";"Expressions";"Medium";"1-shot";"Create a variable nilai = 75. Write a function cek_kelulusan() that uses a ternary conditional expression to return 'Lulus' if nilai is greater than or equal to 70, otherwise return 'Gagal'.";NULL;NULL;1;"Evaluate Postfix Expressions";"Write a function `evaluate_postfix(expression)` that takes a string of space-separated tokens representing a postfix (Reverse Polish Notation) expression and returns its evaluated integer result. The expression will only contain single-digit integers and the operators '+', '-', '*', and '/'.";passed;"passed";NULL;NULL;"passed";NULL;NULL
"Expressions-Medium-1-shot-1783865865405";"qwen/qwen3.7-plus";"Expressions";"Medium";"1-shot";"Create a variable nilai = 75. Write a function cek_kelulusan() that uses a ternary conditional expression to return 'Lulus' if nilai is greater than or equal to 70, otherwise return 'Gagal'.";NULL;NULL;2;"Validate Expression Parentheses";"Write a function `is_balanced_expression(expr)` that checks if the parentheses '()', brackets '[]', and braces '{}' in a given mathematical expression string are properly balanced and nested. Return True if balanced, False otherwise. Ignore all other characters.";passed;"passed";NULL;NULL;"passed";NULL;NULL
"Expressions-Medium-1-shot-1783865865405";"qwen/qwen3.7-plus";"Expressions";"Medium";"1-shot";"Create a variable nilai = 75. Write a function cek_kelulusan() that uses a ternary conditional expression to return 'Lulus' if nilai is greater than or equal to 70, otherwise return 'Gagal'.";NULL;NULL;3;"Substitute Variables in Expressions";"Write a function `substitute_and_evaluate(expr, variables)` that takes a string expression containing variables (e.g., 'x * y + z') and a dictionary mapping variable names to their integer values. Substitute the variables in the expression and return the evaluated numerical result. You may assume the expression only contains valid variable names, integers, spaces, and the operators '+', '-', '*', '/'.";passed;"passed";NULL;NULL;"passed";NULL;NULL
"Expressions-Medium-1-shot-1783865865405";"qwen/qwen3.7-plus";"Expressions";"Medium";"1-shot";"Create a variable nilai = 75. Write a function cek_kelulusan() that uses a ternary conditional expression to return 'Lulus' if nilai is greater than or equal to 70, otherwise return 'Gagal'.";NULL;NULL;4;"Count Operators in Expressions";"Write a function `count_expression_operators(expr)` that takes a string representing a mathematical expression and returns a dictionary counting the occurrences of each basic arithmetic operator ('+', '-', '*', '/'). Ignore any other characters.";failed;"passed";NULL;NULL;"failed";"Classification mismatch: expected 'Medium' (level intermediate), got 'easy'";"The problem requires basic string manipulation and dictionary operations. Students only need to iterate through the characters of the string, check if each character is one of the four basic arithmetic operators, and update a dictionary count. This can be accomplished with a simple loop and conditional statement in just a few lines of code, making it a straightforward task for beginners."
"Expressions-Medium-1-shot-1783865865405";"qwen/qwen3.7-plus";"Expressions";"Medium";"1-shot";"Create a variable nilai = 75. Write a function cek_kelulusan() that uses a ternary conditional expression to return 'Lulus' if nilai is greater than or equal to 70, otherwise return 'Gagal'.";NULL;NULL;5;"Simplify Sign Expressions";"Write a function `simplify_sign_expression(expr)` that takes a string representing a number with multiple leading '+' and '-' signs (e.g., '+--+-5') and returns the final evaluated integer. The expression will always end with a sequence of digits.";failed;"failed";"Test case 1 failed: assert simplify_sign_expression('+--+-5') == 5";"Unit test failed: Test case 1 failed: assert simplify_sign_expression('+--+-5') == 5";NULL;NULL;NULL
"Input/Output-Medium-1-shot-1783866118446";"qwen/qwen3.7-plus";"Input/Output";"Medium";"1-shot";"Write a function baca_catatan(filename) that opens a text file using a context manager, reads each line, removes trailing newline characters, and returns the lines as a list of strings.";NULL;NULL;1;"Parse Log Levels";"Write a function count_log_levels(filename) that reads a text file where each line is formatted as 'LEVEL: Message'. The function should return a dictionary containing the count of each log level found in the file.";failed;"passed";NULL;NULL;"failed";"Classification mismatch: expected 'Medium' (level intermediate), got 'easy'";"The exercise only requires fundamental Python concepts such as basic file I/O, simple string manipulation, and dictionary operations for counting. The logic is straightforward, involves no complex algorithms, and can be solved quickly with just a few lines of code."
"Input/Output-Medium-1-shot-1783866118446";"qwen/qwen3.7-plus";"Input/Output";"Medium";"1-shot";"Write a function baca_catatan(filename) that opens a text file using a context manager, reads each line, removes trailing newline characters, and returns the lines as a list of strings.";NULL;NULL;2;"Interleave File Lines";"Write a function interleave_files(file1, file2, output_file) that reads two text files and writes their contents to an output file, alternating lines from each file (first line of file1, first line of file2, second line of file1, etc.). If one file is shorter, append the remaining lines of the longer file at the end. Ensure each line in the output file ends with a newline.";passed;"passed";NULL;NULL;"passed";NULL;NULL
"Input/Output-Medium-1-shot-1783866118446";"qwen/qwen3.7-plus";"Input/Output";"Medium";"1-shot";"Write a function baca_catatan(filename) that opens a text file using a context manager, reads each line, removes trailing newline characters, and returns the lines as a list of strings.";NULL;NULL;3;"Convert CSV to JSON";"Write a function csv_to_json(csv_file, json_file) that reads a CSV file containing headers and data rows, and writes the data as a JSON array of objects to an output file. The keys of the objects should be the CSV headers.";failed;"passed";NULL;NULL;"failed";"Classification mismatch: expected 'Medium' (level intermediate), got 'easy'";"This problem can be solved quickly with just a few lines of code using Python's built-in `csv` and `json` modules. By utilizing tools like `csv.DictReader` to easily map headers to values and `json.dump` to write the output, the data conversion and file I/O are straightforward and require no complex logic or algorithms."
"Input/Output-Medium-1-shot-1783866118446";"qwen/qwen3.7-plus";"Input/Output";"Medium";"1-shot";"Write a function baca_catatan(filename) that opens a text file using a context manager, reads each line, removes trailing newline characters, and returns the lines as a list of strings.";NULL;NULL;4;"Scale Matrix File";"Write a function scale_matrix(input_file, output_file, scalar) that reads a matrix from a text file where rows are separated by newlines and columns by spaces. Multiply every element by the given scalar and write the resulting matrix to the output file in the same space-separated format. Elements should be formatted as integers if they are whole numbers, otherwise as floats.";passed;"passed";NULL;NULL;"passed";NULL;NULL
"Input/Output-Medium-1-shot-1783866118446";"qwen/qwen3.7-plus";"Input/Output";"Medium";"1-shot";"Write a function baca_catatan(filename) that opens a text file using a context manager, reads each line, removes trailing newline characters, and returns the lines as a list of strings.";NULL;NULL;5;"Top N Words to File";"Write a function top_n_words(input_file, output_file, n) that reads a text file, counts the frequency of each word (case-insensitive, ignoring all punctuation), and writes the top N most frequent words to an output file. Each line in the output file should be in the format 'word: count', sorted by frequency descending, and then alphabetically for ties.";passed;"passed";NULL;NULL;"passed";NULL;NULL
"Loop-Medium-1-shot-1783866412458";"qwen/qwen3.7-plus";"Loop";"Medium";"1-shot";"Given an integer n, return the sum of the first n positive even numbers. For example, if n=5, the first 5 even numbers are 2, 4, 6, 8, 10 and their sum is 30.";NULL;NULL;1;"Collatz Conjecture Step Counter";"Given a positive integer n, count how many steps it takes to reach 1 using the Collatz conjecture rules: if n is even, divide it by 2; if n is odd, multiply it by 3 and add 1. Return the number of steps.";failed;"passed";NULL;NULL;"failed";"Classification mismatch: expected 'Medium' (level intermediate), got 'easy'";"The problem only requires fundamental programming concepts such as a while loop, conditional statements (if/else), and basic arithmetic operations. It can be solved in just a few lines of code and does not involve complex data structures or advanced algorithms, making it a straightforward exercise for beginners."
"Loop-Medium-1-shot-1783866412458";"qwen/qwen3.7-plus";"Loop";"Medium";"1-shot";"Given an integer n, return the sum of the first n positive even numbers. For example, if n=5, the first 5 even numbers are 2, 4, 6, 8, 10 and their sum is 30.";NULL;NULL;2;"Extract Even Numbers from Matrix";"Given a 2D list (matrix) of integers, use nested loops to iterate through all elements and return a 1D list containing only the even numbers, preserving their original row-major order.";failed;"passed";NULL;NULL;"failed";"Classification mismatch: expected 'Medium' (level intermediate), got 'easy'";"The exercise requires only basic programming concepts such as nested loops, conditional statements (using the modulo operator to check for even numbers), and list manipulation. It can be solved in just a few lines of code, and most students will be able to complete it quickly once they understand how to iterate through a 2D list."
"Loop-Medium-1-shot-1783866412458";"qwen/qwen3.7-plus";"Loop";"Medium";"1-shot";"Given an integer n, return the sum of the first n positive even numbers. For example, if n=5, the first 5 even numbers are 2, 4, 6, 8, 10 and their sum is 30.";NULL;NULL;3;"Run-Length Encoding";"Implement a function that takes a string and returns its run-length encoding. Count the consecutive occurrences of each character and append the count to the character. For example, 'aaabbc' becomes 'a3b2c1'.";failed;"passed";NULL;NULL;"failed";"Classification mismatch: expected 'Medium' (level intermediate), got 'easy'";"This problem requires only basic string manipulation and a simple loop to track consecutive characters. It can be solved quickly with just a few lines of code using fundamental concepts like loops, conditionals, and string concatenation, without the need for complex data structures or advanced algorithms."
"Loop-Medium-1-shot-1783866412458";"qwen/qwen3.7-plus";"Loop";"Medium";"1-shot";"Given an integer n, return the sum of the first n positive even numbers. For example, if n=5, the first 5 even numbers are 2, 4, 6, 8, 10 and their sum is 30.";NULL;NULL;4;"Iterative Digital Root";"Given a non-negative integer n, repeatedly sum its digits until a single-digit number is obtained. Use a loop to perform this process and return the final single-digit number. For example, 38 -> 3 + 8 = 11 -> 1 + 1 = 2.";failed;"passed";NULL;NULL;"failed";"Classification mismatch: expected 'Medium' (level intermediate), got 'easy'";"The problem requires only basic programming concepts such as while loops and simple arithmetic or string manipulation. It can be solved in just a few lines of code (for example, using a `while` loop and converting the number to a string to easily sum its digits), and most beginner students will be able to implement the solution quickly."
"Loop-Medium-1-shot-1783866412458";"qwen/qwen3.7-plus";"Loop";"Medium";"1-shot";"Given an integer n, return the sum of the first n positive even numbers. For example, if n=5, the first 5 even numbers are 2, 4, 6, 8, 10 and their sum is 30.";NULL;NULL;5;"Longest Consecutive Character Sequence";"Given a string s and a character c, find the length of the longest consecutive sequence of c in s. Iterate through the string using a loop to keep track of the current and maximum consecutive counts.";failed;"passed";NULL;NULL;"failed";"Classification mismatch: expected 'Medium' (level intermediate), got 'easy'";"The problem requires only basic string iteration and simple variable tracking to maintain current and maximum counts. It can be solved with just a few lines of straightforward code using a single loop, making it a standard introductory exercise that most beginners can solve quickly."
"Operators-Medium-1-shot-1783866625644";"qwen/qwen3.7-plus";"Operators";"Medium";"1-shot";"Python evaluates operators based on precedence rules. Write a function operator_precedence() that calculates the values of the expressions -2 ** 4 and (-2) ** 4, then returns both results as a tuple.";NULL;NULL;1;"Bitwise Masking";"Write a function `apply_masks(number)` that takes an integer. Return a tuple containing: 1) the number with only the last 4 bits kept (using bitwise AND), 2) the number with the last 4 bits cleared to 0 (using bitwise AND and NOT), and 3) the number with the last 4 bits inverted (using bitwise XOR).";failed;"passed";NULL;NULL;"failed";"Classification mismatch: expected 'Medium' (level intermediate), got 'easy'";"The problem provides explicit instructions on which bitwise operations to use and what each operation should achieve. The solution requires only a few lines of code to apply the masks (e.g., using 15 or 0b1111) and return the results in a tuple, making it a straightforward and quick task for students who understand basic bitwise operators."
"Operators-Medium-1-shot-1783866625644";"qwen/qwen3.7-plus";"Operators";"Medium";"1-shot";"Python evaluates operators based on precedence rules. Write a function operator_precedence() that calculates the values of the expressions -2 ** 4 and (-2) ** 4, then returns both results as a tuple.";NULL;NULL;2;"Reverse Integer Mathematically";"Write a function `reverse_integer(n)` that takes an integer `n` and returns its reversed integer. You must use only arithmetic operators (`//`, `%`, `+`, `*`) and a loop. Do not convert the integer to a string. Handle negative numbers correctly by preserving the sign.";failed;"passed";NULL;NULL;"failed";"Classification mismatch: expected 'Medium' (level intermediate), got 'easy'";"The problem can be solved quickly with just a few lines of code using a simple `while` loop and basic arithmetic operators (`%` and `//`). Although it restricts string conversion, the mathematical logic to extract the digits, rebuild the reversed number, and handle the negative sign is straightforward. It is a standard introductory algorithmic exercise that most students will solve easily once they understand basic loop and modulo mechanics."
"Operators-Medium-1-shot-1783866625644";"qwen/qwen3.7-plus";"Operators";"Medium";"1-shot";"Python evaluates operators based on precedence rules. Write a function operator_precedence() that calculates the values of the expressions -2 ** 4 and (-2) ** 4, then returns both results as a tuple.";NULL;NULL;3;"Logical Maximum";"Write a function `max_of_three(a, b, c)` that returns the maximum of three numbers. You are not allowed to use the built-in `max()` function or the `if` keyword. You must use comparison and arithmetic operators to determine and return the maximum value (hint: booleans evaluate to 1 and 0 in arithmetic operations).";passed;"passed";NULL;NULL;"passed";NULL;NULL
"Operators-Medium-1-shot-1783866625644";"qwen/qwen3.7-plus";"Operators";"Medium";"1-shot";"Python evaluates operators based on precedence rules. Write a function operator_precedence() that calculates the values of the expressions -2 ** 4 and (-2) ** 4, then returns both results as a tuple.";NULL;NULL;4;"Cumulative Operations";"Write a function `cumulative_ops(initial, operations)` where `operations` is a list of tuples, each containing an operator as a string ('+', '-', '*', '//') and an integer operand. Apply each operation to the `initial` value sequentially using the corresponding arithmetic operator. Return the final result. You cannot use `eval()` or `exec()`. Consider using the `operator` module for a clean implementation.";failed;"passed";NULL;NULL;"failed";"Classification mismatch: expected 'Medium' (level intermediate), got 'easy'";"The problem requires a straightforward loop to iterate through a list of tuples and apply basic arithmetic operations sequentially. The prompt provides a helpful hint to use the `operator` module, which simplifies mapping string operators to actual functions. The solution can be implemented in just a few lines of code using a simple dictionary mapping or basic `if/elif` statements, making it accessible for most students to solve quickly without dealing with complex logic or edge cases."
"Operators-Medium-1-shot-1783866625644";"qwen/qwen3.7-plus";"Operators";"Medium";"1-shot";"Python evaluates operators based on precedence rules. Write a function operator_precedence() that calculates the values of the expressions -2 ** 4 and (-2) ** 4, then returns both results as a tuple.";NULL;NULL;5;"Filter by Identity and Membership";"Write a function `filter_elements(source_list, target_object)` that returns a tuple of two lists. The first list should contain all elements from `source_list` that are *equal* to `target_object` (using the `==` operator). The second list should contain all elements that are the *exact same object in memory* as `target_object` (using the `is` operator). This exercise highlights the difference between value equality and identity.";failed;"passed";NULL;NULL;"failed";"Classification mismatch: expected 'Medium' (level intermediate), got 'easy'";"The exercise requires only a basic understanding of Python's equality (`==`) and identity (`is`) operators, both of which are explicitly mentioned in the problem description. The solution can be implemented in just a few lines of code using a simple loop or two list comprehensions. Because the logic is straightforward and the required code is minimal, most students will be able to solve it quickly."
"Variables-Medium-1-shot-1783867041480";"qwen/qwen3.7-plus";"Variables";"Medium";"1-shot";"Create list_A = [1, 2, 3]. Create list_B as a true copy of list_A (not just another reference). Append the value 4 to list_B. Write a function salin_list() that returns both lists as a tuple (list_A, list_B).";NULL;NULL;1;"Simultaneous Variable Update";"Write a function `update_coordinates(x, y, vx, vy, steps)` that updates the position variables `x` and `y` by adding the velocity variables `vx` and `vy` multiplied by `steps`. You must use simultaneous (tuple) assignment to update both `x` and `y` in a single statement. Return the new `x` and `y` as a tuple.";failed;"passed";NULL;NULL;"failed";"Classification mismatch: expected 'Medium' (level intermediate), got 'easy'";"The problem requires basic arithmetic operations and a single line of simultaneous (tuple) assignment. It involves very few lines of code and tests fundamental Python syntax, meaning most students will be able to solve it quickly."
"Variables-Medium-1-shot-1783867041480";"qwen/qwen3.7-plus";"Variables";"Medium";"1-shot";"Create list_A = [1, 2, 3]. Create list_B as a true copy of list_A (not just another reference). Append the value 4 to list_B. Write a function salin_list() that returns both lists as a tuple (list_A, list_B).";NULL;NULL;2;"Immutable Variable Slicing";"In Python, string variables are immutable, meaning they cannot be changed in place. Write a function `replace_char(s, index, new_char)` that takes a string variable `s`, an integer `index`, and a string `new_char`. Create and return a new string variable with the character at `index` replaced by `new_char` using variable slicing and concatenation. Do not use the built-in `replace()` method.";failed;"passed";NULL;NULL;"failed";"Classification mismatch: expected 'Medium' (level intermediate), got 'easy'";"This exercise requires only basic knowledge of string slicing and concatenation. It can be solved in a single line of code (e.g., `return s[:index] + new_char + s[index+1:]`), and most students will be able to figure it out quickly."
"Variables-Medium-1-shot-1783867041480";"qwen/qwen3.7-plus";"Variables";"Medium";"1-shot";"Create list_A = [1, 2, 3]. Create list_B as a true copy of list_A (not just another reference). Append the value 4 to list_B. Write a function salin_list() that returns both lists as a tuple (list_A, list_B).";NULL;NULL;3;"Starred Variable Unpacking";"Write a function `extract_head_tail(numbers)` that takes a list of numbers. Use Python's starred variable unpacking to assign the first element to a variable `head`, the last element to a variable `tail`, and all middle elements to a list variable `middle`. Return a tuple containing `(head, middle, tail)`. Assume the input list will always have at least 2 elements.";failed;"passed";NULL;NULL;"failed";"Classification mismatch: expected 'Medium' (level intermediate), got 'easy'";"The problem requires only a couple of lines of code and tests a single, specific Python feature (extended iterable unpacking using the `*` operator). Once the student knows or looks up the syntax (`head, *middle, tail = numbers`), the solution is straightforward and can be implemented very quickly."
"Variables-Medium-1-shot-1783867041480";"qwen/qwen3.7-plus";"Variables";"Medium";"1-shot";"Create list_A = [1, 2, 3]. Create list_B as a true copy of list_A (not just another reference). Append the value 4 to list_B. Write a function salin_list() that returns both lists as a tuple (list_A, list_B).";NULL;NULL;4;"Variable Reassignment Tracking";"Write a function `track_reassignments(start_val)` that initializes a variable `val` with `start_val`. Iterate through a range of 4 steps (from 0 to 3). In each step `i`, if `i` is even, reassign `val` by multiplying it by 2; if `i` is odd, reassign `val` by subtracting 3. Return the final value of the variable `val`.";failed;"passed";NULL;NULL;"failed";"Classification mismatch: expected 'Medium' (level intermediate), got 'easy'";"This exercise requires only basic programming concepts such as variable initialization, a simple for loop, and basic if/else conditional logic. The solution is straightforward, involves no complex algorithms or edge cases, and can be written in just a few lines of code, allowing most students to solve it quickly."
"Variables-Medium-1-shot-1783867041480";"qwen/qwen3.7-plus";"Variables";"Medium";"1-shot";"Create list_A = [1, 2, 3]. Create list_B as a true copy of list_A (not just another reference). Append the value 4 to list_B. Write a function salin_list() that returns both lists as a tuple (list_A, list_B).";NULL;NULL;5;"Dictionary Variable Swap";"Write a function `swap_dict_values(data, key1, key2)` that takes a dictionary of variables `data` and two keys `key1` and `key2`. The function should swap the values associated with `key1` and `key2` in the dictionary using a single simultaneous assignment statement. Return the modified dictionary.";failed;"passed";NULL;NULL;"failed";"Classification mismatch: expected 'Medium' (level intermediate), got 'easy'";"This exercise requires only a basic understanding of dictionaries and Python's simultaneous assignment (tuple unpacking) feature. The solution is extremely short and straightforward, typically requiring just a single line of code (e.g., `data[key1], data[key2] = data[key2], data[key1]`), which most students will be able to write quickly."
"Conditionals-Hard-1-shot-1783867288331";"qwen/qwen3.7-plus";"Conditionals";"Hard";"1-shot";"Create a calculator using dictionary dispatch instead of if-elif. Supported operations: 'tambah', 'kurang', 'kali', 'bagi'. Write a function hitung(operasi, a, b) that executes the correct operation using a dictionary of lambda functions. If the operation is invalid, return 'Operasi tidak valid'.";NULL;NULL;1;"Next Valid Date Calculator";"Given a valid date as three integers (day, month, year), write a function `next_date(day, month, year)` that returns the next valid date as a tuple `(d, m, y)`. You must handle leap years correctly (divisible by 4, not 100 unless divisible by 400) and the varying number of days in each month using conditional logic.";failed;"passed";NULL;NULL;"failed";"Classification mismatch: expected 'Hard' (level hard), got 'intermediate'";"This problem requires writing extensive conditional logic to handle multiple edge cases, including varying days in different months, leap year calculations, and the sequential rollover of days to months and months to years. While the core concept is straightforward, implementing it from scratch without using built-in date libraries requires careful attention to detail and nested conditionals. It takes more time and code than a basic easy problem, but does not require the advanced algorithmic thinking of a hard problem."
"Conditionals-Hard-1-shot-1783867288331";"qwen/qwen3.7-plus";"Conditionals";"Hard";"1-shot";"Create a calculator using dictionary dispatch instead of if-elif. Supported operations: 'tambah', 'kurang', 'kali', 'bagi'. Write a function hitung(operasi, a, b) that executes the correct operation using a dictionary of lambda functions. If the operation is invalid, return 'Operasi tidak valid'.";NULL;NULL;2;"Tiered Subscription Billing";"Write a function `calculate_bill(monthly_usage_gb, plan_type, is_student, has_promo)` that calculates a monthly internet bill based on complex conditional rules: 1. If `plan_type` is 'basic': $20 base for first 10GB, $5 per GB after. 2. If `plan_type` is 'premium': $40 base for up to 50GB, $2 per GB after. 3. If `is_student` is True, apply a 15% discount to the base plan cost only (not overage). 4. If `has_promo` is True and `monthly_usage_gb` > 100, apply an additional flat $10 credit to the total. 5. The bill cannot be negative. Return the final bill rounded to 2 decimal places.";failed;"failed";"Test case 2 failed: assert calculate_bill(60, 'premium', False, True) == 50.0";"Unit test failed: Test case 2 failed: assert calculate_bill(60, 'premium', False, True) == 50.0";NULL;NULL;NULL
"Conditionals-Hard-1-shot-1783867288331";"qwen/qwen3.7-plus";"Conditionals";"Hard";"1-shot";"Create a calculator using dictionary dispatch instead of if-elif. Supported operations: 'tambah', 'kurang', 'kali', 'bagi'. Write a function hitung(operasi, a, b) that executes the correct operation using a dictionary of lambda functions. If the operation is invalid, return 'Operasi tidak valid'.";NULL;NULL;3;"Smart Elevator Dispatcher";"Write a function `elevator_decision(current_floor, target_floor, direction, door_open)` that returns the next action for an elevator based on strict conditional precedence: 1. If `door_open` is True, return 'close_door'. 2. If `current_floor` == `target_floor`, return 'open_door'. 3. If `current_floor` < `target_floor`, direction must be 'up'. If it is, return 'move_up'. If not, return 'change_to_up'. 4. If `current_floor` > `target_floor`, direction must be 'down'. If it is, return 'move_down'. If not, return 'change_to_down'.";failed;"passed";NULL;NULL;"failed";"Classification mismatch: expected 'Hard' (level hard), got 'easy'";"This exercise only requires basic conditional statements (if, elif, else) and simple comparison operators. It does not involve loops, complex data structures, or advanced algorithms. Students can solve it quickly by writing a few lines of straightforward if-else logic or using early returns based on the provided precedence rules."
"Conditionals-Hard-1-shot-1783867288331";"qwen/qwen3.7-plus";"Conditionals";"Hard";"1-shot";"Create a calculator using dictionary dispatch instead of if-elif. Supported operations: 'tambah', 'kurang', 'kali', 'bagi'. Write a function hitung(operasi, a, b) that executes the correct operation using a dictionary of lambda functions. If the operation is invalid, return 'Operasi tidak valid'.";NULL;NULL;4;"Advanced Password Policy Validator";"Write a function `validate_password(password, username)` that checks a password against strict conditional rules. Returns a list of failed rule strings. If it passes all, returns an empty list. Rules: 1. Must be at least 8 characters long. (Fail: 'Length must be at least 8') 2. Must contain at least one uppercase and one lowercase letter. (Fail: 'Must contain both uppercase and lowercase letters') 3. Must contain at least one digit. (Fail: 'Must contain at least one digit') 4. Must not contain the `username` (case-insensitive). (Fail: 'Must not contain the username') 5. If it contains a digit, it must also contain a special character (!@#$%^&*). (Fail: 'Digits require at least one special character')";failed;"failed";"Test case 2 failed: assert validate_password('password1', 'user') == ['Must contain both uppercase and lowercase letters']";"Unit test failed: Test case 2 failed: assert validate_password('password1', 'user') == ['Must contain both uppercase and lowercase letters']";NULL;NULL;NULL
"Conditionals-Hard-1-shot-1783867288331";"qwen/qwen3.7-plus";"Conditionals";"Hard";"1-shot";"Create a calculator using dictionary dispatch instead of if-elif. Supported operations: 'tambah', 'kurang', 'kali', 'bagi'. Write a function hitung(operasi, a, b) that executes the correct operation using a dictionary of lambda functions. If the operation is invalid, return 'Operasi tidak valid'.";NULL;NULL;5;"Tournament Seeding Logic";"Write a function `assign_seed(rank, wins, losses, is_defending_champion)` that determines a player's tournament seed (1 to 4) based on complex conditional criteria: - If `is_defending_champion` is True, seed is 1. - Else if `wins` >= 10 and `losses` <= 2, seed is 1. - Else if `wins` >= 7 and `losses` <= 5, seed is 2. - Else if `wins` >= 5 and `losses` <= 7, seed is 3. - Else, seed is 4. - However, if `rank` is in the top 3 (1, 2, or 3), the seed cannot be worse than 2 (i.e., if the calculated seed is 3 or 4, change it to 2). Return the final seed.";failed;"passed";NULL;NULL;"failed";"Classification mismatch: expected 'Hard' (level hard), got 'easy'";"The exercise relies entirely on basic control flow (if, elif, and else statements) along with simple relational and boolean operators. It does not require loops, complex data structures, or algorithmic problem-solving. Students can quickly translate the straightforward conditional rules and the final override into a few lines of code."
"Constants-Hard-1-shot-1783867561596";"qwen/qwen3.7-plus";"Constants";"Hard";"1-shot";"Create a class named KonstantaFisika. Initialize KECEPATAN_CAHAYA = 299792458 inside __init__. Override __setattr__ so that after initialization, any attempt to modify an attribute raises TypeError('Konstanta tidak dapat diubah!').";NULL;NULL;1;"Immutable Class Constants";"Create a metaclass named ConstMeta that ensures all class attributes are constants. Once a class using this metaclass is created, any attempt to modify, add, or delete its class attributes must raise an AttributeError.";passed;"passed";NULL;NULL;"passed";NULL;NULL
"Constants-Hard-1-shot-1783867561596";"qwen/qwen3.7-plus";"Constants";"Hard";"1-shot";"Create a class named KonstantaFisika. Initialize KECEPATAN_CAHAYA = 299792458 inside __init__. Override __setattr__ so that after initialization, any attempt to modify an attribute raises TypeError('Konstanta tidak dapat diubah!').";NULL;NULL;2;"Single-Assignment Constant Descriptor";"Create a descriptor class named ConstantDescriptor that allows an attribute to be assigned exactly once. If the attribute is accessed before assignment, it should raise AttributeError. If it is assigned a second time, it should raise AttributeError.";failed;"passed";NULL;NULL;"failed";"Classification mismatch: expected 'Hard' (level hard), got 'intermediate'";"This exercise requires knowledge of Python descriptors, specifically implementing the __get__ and __set__ magic methods, which is an intermediate object-oriented concept. Furthermore, because descriptors are typically defined at the class level, the student must figure out how to manage state on a per-instance basis (such as by using instance.__dict__ or a WeakKeyDictionary) to prevent values from being shared across different objects. This requires a solid understanding of Python's internal data model and goes beyond basic syntax and simple OOP, perfectly fitting the intermediate difficulty level."
"Constants-Hard-1-shot-1783867561596";"qwen/qwen3.7-plus";"Constants";"Hard";"1-shot";"Create a class named KonstantaFisika. Initialize KECEPATAN_CAHAYA = 299792458 inside __init__. Override __setattr__ so that after initialization, any attempt to modify an attribute raises TypeError('Konstanta tidak dapat diubah!').";NULL;NULL;3;"Deeply Frozen Constants Mapping";"Write a function freeze_constants(d) that takes a nested dictionary and returns a custom mapping object where all keys and values are immutable constants. Any attempt to modify the returned object or its nested objects must raise a TypeError. The returned object should support read operations like a standard dictionary.";passed;"passed";NULL;NULL;"passed";NULL;NULL
"Constants-Hard-1-shot-1783867561596";"qwen/qwen3.7-plus";"Constants";"Hard";"1-shot";"Create a class named KonstantaFisika. Initialize KECEPATAN_CAHAYA = 299792458 inside __init__. Override __setattr__ so that after initialization, any attempt to modify an attribute raises TypeError('Konstanta tidak dapat diubah!').";NULL;NULL;4;"Dynamic Constants Namespace";"Write a function create_constants(**kwargs) that returns an object where the provided keyword arguments are set as uppercase attributes. The returned object must act as a strict constants namespace: it should not allow adding new attributes or modifying existing ones. Attempting to do so must raise an AttributeError.";failed;"passed";NULL;NULL;"failed";"Classification mismatch: expected 'Hard' (level hard), got 'intermediate'";"This exercise requires an intermediate understanding of Python's object-oriented programming and data model. Students must not only dynamically create attributes from keyword arguments but also enforce strict immutability by overriding special methods like `__setattr__` and `__delattr__` (or by utilizing `object.__setattr__` during initialization). It goes beyond basic syntax and simple logic, requiring specific knowledge of Python's dunder methods, but does not involve complex algorithms or advanced metaprogramming."
"Constants-Hard-1-shot-1783867561596";"qwen/qwen3.7-plus";"Constants";"Hard";"1-shot";"Create a class named KonstantaFisika. Initialize KECEPATAN_CAHAYA = 299792458 inside __init__. Override __setattr__ so that after initialization, any attempt to modify an attribute raises TypeError('Konstanta tidak dapat diubah!').";NULL;NULL;5;"Symbolic Constants Calculator";"Create a class SymConstant that wraps a numeric value or a string expression. Overload __add__, __sub__, __mul__, and __truediv__ so that operations between SymConstant objects (or between a SymConstant and an int/float) return a new SymConstant whose value is a fully parenthesized string representation of the expression. For example, SymConstant(2) + SymConstant(3) * SymConstant(4) should result in a SymConstant with value '(2 + (3 * 4))'.";failed;"passed";NULL;NULL;"failed";"Classification mismatch: expected 'Hard' (level hard), got 'intermediate'";"This exercise requires a solid understanding of Python's object-oriented programming and data model, specifically operator overloading. Students must implement multiple magic methods (`__add__`, `__sub__`, `__mul__`, `__truediv__`, and potentially their reverse counterparts) and handle type checking to support operations between class instances and primitive types (int/float). It also requires careful string manipulation to format the expressions correctly and an understanding of Python's evaluation order. While it requires writing more code and grasping specific language features than a basic problem, it does not involve complex algorithms or advanced computer science concepts, placing it firmly in the intermediate category."
"Expressions-Hard-1-shot-1783867941465";"qwen/qwen3.7-plus";"Expressions";"Hard";"1-shot";"Create a generator expression that generates the squares of numbers from 1 to 1,000,000. Write a function tiga_pertama() that returns the first three generated values as a tuple using next().";NULL;NULL;1;"Nested Generator Expressions";"Write a function `pythagorean_triples(limit)` that uses a single generator expression to yield all Pythagorean triples `(a, b, c)` such that `a < b < c <= limit` and `a^2 + b^2 == c^2`. The function should return all such triples as a list. This exercise tests your mastery of complex generator expressions.";failed;"passed";NULL;NULL;"failed";"Classification mismatch: expected 'Hard' (level hard), got 'intermediate'";"This exercise requires writing a nested generator expression, which is a syntactic step up from basic loops and simple comprehensions. Students must carefully manage the iteration ranges to enforce the `a < b < c` constraint and correctly position the mathematical condition within the generator syntax. While the syntax can be tricky and requires attention to detail, the underlying logic is a straightforward brute-force search. It takes more time and syntactic familiarity than basic problems, but most students who have studied intermediate Python concepts will be able to solve it."
"Expressions-Hard-1-shot-1783867941465";"qwen/qwen3.7-plus";"Expressions";"Hard";"1-shot";"Create a generator expression that generates the squares of numbers from 1 to 1,000,000. Write a function tiga_pertama() that returns the first three generated values as a tuple using next().";NULL;NULL;2;"Matrix Transpose Expressions";"Given a 2D list (matrix) of integers, write a function `transpose_matrix(matrix)` that returns the transposed matrix. You must implement this using a single nested list comprehension expression. Do not use `zip` or any external libraries. This tests your ability to construct complex list expressions.";failed;"passed";NULL;NULL;"failed";"Classification mismatch: expected 'Hard' (level hard), got 'intermediate'";"Transposing a matrix using standard nested loops or the `zip` function is relatively easy, but the strict constraint to use a single nested list comprehension without `zip` increases the cognitive load. Students must correctly map the nested loops so that the outer loop iterates over column indices and the inner loop iterates over the rows. Many beginners struggle with the specific syntax and evaluation order of nested list comprehensions, meaning it will take more time and result in more syntax/logic errors than an easy problem. However, it does not require advanced algorithmic thinking, so it does not reach the hard level."
"Expressions-Hard-1-shot-1783867941465";"qwen/qwen3.7-plus";"Expressions";"Hard";"1-shot";"Create a generator expression that generates the squares of numbers from 1 to 1,000,000. Write a function tiga_pertama() that returns the first three generated values as a tuple using next().";NULL;NULL;3;"Nested Conditional Expressions";"Write a function `categorize_numbers(numbers)` that takes a list of integers and returns a list of strings. For each number, return 'Negative' if it's < 0, 'Zero' if it's == 0, and 'Positive' if it's > 0. You must implement the classification logic using only a single nested conditional (ternary) expression per element inside a list comprehension expression. No standard if/else statements are allowed.";failed;"passed";NULL;NULL;"failed";"Classification mismatch: expected 'Hard' (level hard), got 'easy'";"The core logic of categorizing numbers based on their value is straightforward. While the constraint to use a nested ternary operator inside a list comprehension might require a quick mental check of Python syntax for some, the solution ultimately requires only a single line of code. Because the implementation is highly concise and does not require writing a large amount of code or complex logic, most students will be able to solve it quickly."
"Expressions-Hard-1-shot-1783867941465";"qwen/qwen3.7-plus";"Expressions";"Hard";"1-shot";"Create a generator expression that generates the squares of numbers from 1 to 1,000,000. Write a function tiga_pertama() that returns the first three generated values as a tuple using next().";NULL;NULL;4;"Complex Lambda Expressions";"Write a function `complex_lambda_sort(items)` that sorts a list of tuples containing `(name, age, score)`. The sorting criteria are: score descending, then age ascending, then name alphabetically ascending. You must use a single lambda expression for the `key` argument in the `sorted` function. This exercise challenges your understanding of advanced lambda expressions and tuple comparison.";failed;"passed";NULL;NULL;"failed";"Classification mismatch: expected 'Hard' (level hard), got 'intermediate'";"This problem requires a solid understanding of Python's tuple comparison and the `key` argument in the `sorted()` function. The main challenge lies in mixing ascending and descending sort orders within a single lambda expression, which requires knowing the specific Pythonic trick of negating the numeric value (e.g., `-x[2]`) to reverse its sort order. While the final solution is very short, conceptualizing it takes more time and specific knowledge than basic sorting, placing it above the ""easy"" level. However, it is not ""hard"" because it does not involve complex algorithms, extensive code, or advanced data structures."
"Expressions-Hard-1-shot-1783867941465";"qwen/qwen3.7-plus";"Expressions";"Hard";"1-shot";"Create a generator expression that generates the squares of numbers from 1 to 1,000,000. Write a function tiga_pertama() that returns the first three generated values as a tuple using next().";NULL;NULL;5;"Walrus Operator Expressions";"Write a function `filter_and_process(data)` that takes a list of strings. It should return a list of tuples `(length, upper_string)` for all strings that, when stripped of whitespace and converted to uppercase, have a length greater than 3. You must use the walrus operator (`:=`) within a list comprehension expression to avoid evaluating the length and uppercase conversion multiple times. This tests your mastery of assignment expressions.";failed;"passed";NULL;NULL;"failed";"Classification mismatch: expected 'Hard' (level hard), got 'intermediate'";"The exercise requires knowledge of a specific, advanced Python feature (the walrus operator) and an understanding of how assignment expressions interact with list comprehensions and variable scoping. While the final solution is short, figuring out the correct syntax to cache the processed string and avoid redundant evaluations requires more specific language mastery and time than a standard beginner problem."
"Input/Output-Hard-1-shot-1783868428407";"qwen/qwen3.7-plus";"Input/Output";"Hard";"1-shot";"Write a function binary_io(filename) that writes the bytes b'\x48\x65\x6c\x6c\x6f' to a binary file, reads the file back, decodes the bytes using UTF-8, and returns the decoded string.";NULL;NULL;1;"Atomic File Writer Context Manager";"Implement a context manager function `atomic_write(filepath)` that writes data to a temporary file in the same directory. Upon successful exit, it atomically replaces the target `filepath` with the temp file. If an exception occurs, the temp file is deleted and the original `filepath` is left untouched.";failed;"passed";NULL;NULL;"failed";"Classification mismatch: expected 'Hard' (level hard), got 'intermediate'";"This exercise requires a solid understanding of context managers, file I/O, and OS-level operations. Students must correctly manage temporary files using the `tempfile` module, implement exception handling for proper cleanup, and use functions like `os.replace` for atomic file replacement. While it combines several intermediate Python concepts and requires careful state management, the solution relies on standard library tools and does not require highly complex logic, making it a solid intermediate problem rather than a hard one."
"Input/Output-Hard-1-shot-1783868428407";"qwen/qwen3.7-plus";"Input/Output";"Hard";"1-shot";"Write a function binary_io(filename) that writes the bytes b'\x48\x65\x6c\x6c\x6f' to a binary file, reads the file back, decodes the bytes using UTF-8, and returns the decoded string.";NULL;NULL;2;"TLV Binary Stream Parser";"Write a function `parse_tlv(filepath)` that reads a binary file containing Type-Length-Value (TLV) records. Each record consists of a 1-byte Type, a 2-byte big-endian Length, and a Value of the specified Length. Return a list of tuples `(type_int, value_bytes)`. If the file ends prematurely, raise a `ValueError('Truncated record')`.";failed;"passed";NULL;NULL;"failed";"Classification mismatch: expected 'Hard' (level hard), got 'intermediate'";"This exercise requires an understanding of binary file I/O, byte manipulation, and using tools like the `struct` module to parse big-endian integers. While the underlying algorithmic logic is straightforward (a simple loop to read the type, length, and value), dealing with raw binary data, managing file stream reads, and handling truncation errors elevates it above basic ""easy"" tasks. It requires more code and specific domain knowledge, but does not involve the complex algorithms or highly tricky edge cases required for a ""hard"" classification."
"Input/Output-Hard-1-shot-1783868428407";"qwen/qwen3.7-plus";"Input/Output";"Hard";"1-shot";"Write a function binary_io(filename) that writes the bytes b'\x48\x65\x6c\x6c\x6f' to a binary file, reads the file back, decodes the bytes using UTF-8, and returns the decoded string.";NULL;NULL;3;"Memory-Mapped Pattern Search";"Write a function `mmap_search(filepath, pattern)` that uses the `mmap` module to find all starting indices of a byte `pattern` within a file without loading the entire file into memory. Return a list of integer indices. If the file is empty, return an empty list.";failed;"passed";NULL;NULL;"failed";"Classification mismatch: expected 'Hard' (level hard), got 'intermediate'";"The exercise requires knowledge of specific Python modules (`mmap`) and binary file I/O, which goes beyond basic language syntax. Students must implement a loop to find all occurrences using `mmap.find()` and carefully handle edge cases, such as checking if the file is empty before memory-mapping it (since mapping an empty file raises a ValueError). It is more complex than a simple built-in string search (easy) but does not require advanced algorithmic design or complex state management (hard)."
"Input/Output-Hard-1-shot-1783868428407";"qwen/qwen3.7-plus";"Input/Output";"Hard";"1-shot";"Write a function binary_io(filename) that writes the bytes b'\x48\x65\x6c\x6c\x6f' to a binary file, reads the file back, decodes the bytes using UTF-8, and returns the decoded string.";NULL;NULL;4;"Size-Based Rotating File Writer";"Write a function `write_rotating(filepath, lines, max_bytes)` that writes a list of strings to a file. Each string is written with a newline character. If writing a line causes the file size to exceed `max_bytes`, the current file should be renamed to `filepath + '.1'` (overwriting any existing `.1` file) and a new file should be started for the remaining lines. Return the number of files created (including the final one).";failed;"passed";NULL;NULL;"failed";"Classification mismatch: expected 'Hard' (level hard), got 'intermediate'";"The problem involves file input/output operations, specifically writing to files, checking file sizes, and renaming files using the `os` module. It requires managing the state of the current file, implementing the rotation logic when the file size exceeds the limit, and keeping track of the total number of files created. This combination of file handling, size tracking, and state management goes beyond basic syntax and simple loops, making it an intermediate-level problem."
"Input/Output-Hard-1-shot-1783868428407";"qwen/qwen3.7-plus";"Input/Output";"Hard";"1-shot";"Write a function binary_io(filename) that writes the bytes b'\x48\x65\x6c\x6c\x6f' to a binary file, reads the file back, decodes the bytes using UTF-8, and returns the decoded string.";NULL;NULL;5;"Streaming Merge of Sorted Files";"Write a function `merge_sorted_files(filepaths, output_filepath)` that takes a list of file paths. Each file contains sorted integers, one per line. The function must merge them into `output_filepath` in sorted order. You must use a min-heap to read and merge them in a streaming fashion, reading only one line from each file at a time to ensure low memory usage.";failed;"passed";NULL;NULL;"failed";"Classification mismatch: expected 'Hard' (level hard), got 'intermediate'";"This exercise requires combining several programming concepts: file I/O (reading and writing line-by-line), the min-heap data structure (using Python's `heapq`), and the k-way merge algorithm. Students must carefully manage the state of multiple file iterators, handle End-Of-File (EOF) conditions gracefully for files of varying lengths, and ensure memory efficiency by not loading entire files into RAM. While it is a classic algorithmic pattern, correctly implementing the streaming logic and heap management takes more time and requires more code than basic exercises, making it a solid intermediate task rather than easy or hard."
"Loop-Hard-1-shot-1783868779809";"qwen/qwen3.7-plus";"Loop";"Hard";"1-shot";"Given a list of (username, password) tuples, count how many failed attempts occur before the correct login ('admin', 'admin'). Return the count of failed attempts.";NULL;NULL;1;"Matrix Spiral Traversal";"Given a 2D matrix (list of lists) of integers, return all elements of the matrix in spiral order (clockwise, starting from top-left). Use loops to manage the boundaries and directions as you traverse the matrix.";failed;"passed";NULL;NULL;"failed";"Classification mismatch: expected 'Hard' (level hard), got 'intermediate'";"This problem requires careful index tracking and boundary management (top, bottom, left, and right) using loops. Students must handle various edge cases, such as non-square matrices, single rows, or single columns, to avoid out-of-bounds errors or revisiting elements. It requires more code and logical planning than basic array manipulations, but does not require advanced algorithms or complex data structures, making it a classic intermediate challenge."
"Loop-Hard-1-shot-1783868779809";"qwen/qwen3.7-plus";"Loop";"Hard";"1-shot";"Given a list of (username, password) tuples, count how many failed attempts occur before the correct login ('admin', 'admin'). Return the count of failed attempts.";NULL;NULL;2;"Minesweeper Board Generator";"Given the number of rows, columns, and a list of tuples representing the (row, col) coordinates of mines, generate and return a 2D grid (list of lists). Each cell should contain -1 if it's a mine, or the count of adjacent mines (up to 8 directions). Use nested loops to calculate the counts for each cell.";failed;"failed";"Test case 1 failed: assert generate_minesweeper(3, 3, [(0,0), (1,1)]) == [[-1, 2, 1], [2, -1, 2], [1, 2, 1]]";"Unit test failed: Test case 1 failed: assert generate_minesweeper(3, 3, [(0,0), (1,1)]) == [[-1, 2, 1], [2, -1, 2], [1, 2, 1]]";NULL;NULL;NULL
"Loop-Hard-1-shot-1783868779809";"qwen/qwen3.7-plus";"Loop";"Hard";"1-shot";"Given a list of (username, password) tuples, count how many failed attempts occur before the correct login ('admin', 'admin'). Return the count of failed attempts.";NULL;NULL;3;"ZigZag String Conversion";"Given a string and an integer num_rows, convert the string into a zigzag pattern on the given number of rows and then read line by line. Use loops to simulate the placement of characters row by row, alternating direction when hitting the top or bottom boundary.";failed;"passed";NULL;NULL;"failed";"Classification mismatch: expected 'Hard' (level hard), got 'intermediate'";"This problem requires managing state, such as tracking the current row and alternating direction, while populating multiple string buffers. Although the prompt hints at a simulation approach, it still requires careful handling of boundary conditions and index tracking. It is more complex than basic string manipulation and simple loops (easy) but does not require advanced algorithmic concepts or complex data structures (hard), making it a classic intermediate exercise."
"Loop-Hard-1-shot-1783868779809";"qwen/qwen3.7-plus";"Loop";"Hard";"1-shot";"Given a list of (username, password) tuples, count how many failed attempts occur before the correct login ('admin', 'admin'). Return the count of failed attempts.";NULL;NULL;4;"Sudoku Board Validator";"Given a 9x9 Sudoku board (represented as a list of 9 lists, each containing 9 characters which are digits '1'-'9' or '.' for empty), determine if it is valid. A valid board must have each row, each column, and each of the nine 3x3 sub-boxes contain only the digits '1'-'9' without repetition. Use loops to check all constraints.";failed;"passed";NULL;NULL;"failed";"Classification mismatch: expected 'Hard' (level hard), got 'intermediate'";"This exercise requires manipulating 2D lists and using nested loops, which goes beyond basic beginner tasks. The primary challenge is correctly calculating the indices for the 3x3 sub-boxes and managing the state of seen numbers using sets or dictionaries to check for duplicates. It requires more code, careful indexing, and more time to debug than an easy problem, but it does not require advanced algorithmic paradigms or complex data structures, keeping it from being classified as hard."
"Loop-Hard-1-shot-1783868779809";"qwen/qwen3.7-plus";"Loop";"Hard";"1-shot";"Given a list of (username, password) tuples, count how many failed attempts occur before the correct login ('admin', 'admin'). Return the count of failed attempts.";NULL;NULL;5;"Matrix 90-Degree Rotation";"Given an n x n 2D matrix representing an image, rotate the image by 90 degrees clockwise. Return the new rotated matrix. You must use nested loops to calculate the new positions of the elements based on their original coordinates.";failed;"passed";NULL;NULL;"failed";"Classification mismatch: expected 'Hard' (level hard), got 'intermediate'";"This problem requires working with 2D arrays (lists of lists) and nested loops, which introduces more complexity than basic 1D list operations. Students must figure out the correct mathematical relationship to map the original coordinates to the new rotated coordinates. While it is a standard algorithmic exercise, the 2D index manipulation usually takes students more time and results in initial off-by-one or transposition errors, placing it firmly in the intermediate category. It does not, however, require advanced algorithmic paradigms like recursion or dynamic programming, so it is not classified as hard."
"Operators-Hard-1-shot-1783869062725";"qwen/qwen3.7-plus";"Operators";"Hard";"1-shot";"Given the string 'Belajar Python Dasar', write a function cek_panjang() that uses the walrus operator (:=) inside an if statement. If the string length is greater than 10, return the message 'Kalimat terlalu panjang! Terdeteksi ada 21 karakter.'. Otherwise, return 'Panjang kalimat aman, hanya n karakter.'. The length must only be computed once using the walrus operator.";NULL;NULL;1;"Bitwise Addition Operator";"Write a function add_without_plus(a, b) that calculates the sum of two positive integers using only bitwise operators (&, |, ^, ~, <<, >>). You cannot use the + or - operators. Return the sum.";failed;"passed";NULL;NULL;"failed";"Classification mismatch: expected 'Hard' (level hard), got 'intermediate'";"Although the final solution requires only a few lines of code, the problem demands a non-intuitive conceptual understanding of binary arithmetic. Students must figure out how to simulate a hardware adder using XOR for the sum without carry, and AND combined with a left shift for the carry. This logical leap takes time for most students to deduce, making it more difficult than a standard easy problem. However, it remains a standard, well-known algorithmic concept that most students will eventually be able to solve, fitting perfectly into the intermediate category."
"Operators-Hard-1-shot-1783869062725";"qwen/qwen3.7-plus";"Operators";"Hard";"1-shot";"Given the string 'Belajar Python Dasar', write a function cek_panjang() that uses the walrus operator (:=) inside an if statement. If the string length is greater than 10, return the message 'Kalimat terlalu panjang! Terdeteksi ada 21 karakter.'. Otherwise, return 'Panjang kalimat aman, hanya n karakter.'. The length must only be computed once using the walrus operator.";NULL;NULL;2;"Fraction Operator Overloading";"Write a function operate_fractions(frac1, frac2) that takes two tuples representing fractions (numerator, denominator). Calculate their sum and product by implementing the arithmetic operators manually. Return a tuple of two strings in the format 'num/den', fully simplified. For example, the sum of (1, 2) and (1, 3) is '5/6'.";failed;"failed";"Test case 2 failed: assert operate_fractions((2, 4), (3, 9)) == ('3/4', '1/6')";"Unit test failed: Test case 2 failed: assert operate_fractions((2, 4), (3, 9)) == ('3/4', '1/6')";NULL;NULL;NULL
"Operators-Hard-1-shot-1783869062725";"qwen/qwen3.7-plus";"Operators";"Hard";"1-shot";"Given the string 'Belajar Python Dasar', write a function cek_panjang() that uses the walrus operator (:=) inside an if statement. If the string length is greater than 10, return the message 'Kalimat terlalu panjang! Terdeteksi ada 21 karakter.'. Otherwise, return 'Panjang kalimat aman, hanya n karakter.'. The length must only be computed once using the walrus operator.";NULL;NULL;3;"Bitwise Single Number Operator";"Given a list of integers where every element appears exactly three times except for one which appears exactly once, write a function find_single_number(nums) to find that single element. You must use bitwise operators (&, |, ^, ~) to achieve O(n) time complexity and O(1) space complexity without using extra data structures.";passed;"passed";NULL;NULL;"passed";NULL;NULL
"Operators-Hard-1-shot-1783869062725";"qwen/qwen3.7-plus";"Operators";"Hard";"1-shot";"Given the string 'Belajar Python Dasar', write a function cek_panjang() that uses the walrus operator (:=) inside an if statement. If the string length is greater than 10, return the message 'Kalimat terlalu panjang! Terdeteksi ada 21 karakter.'. Otherwise, return 'Panjang kalimat aman, hanya n karakter.'. The length must only be computed once using the walrus operator.";NULL;NULL;4;"Matrix Exponentiation Operator";"Write a function matrix_power(matrix, n) that computes the nth power of a square matrix (represented as a list of lists) using the exponentiation by squaring algorithm, which is the underlying logic for the ** operator. You must implement the matrix multiplication operator logic manually. Return the resulting matrix.";failed;"passed";NULL;NULL;"failed";"Classification mismatch: expected 'Hard' (level hard), got 'intermediate'";"The problem requires combining two distinct algorithmic concepts: manual matrix multiplication (using nested loops and careful 2D list initialization) and the exponentiation by squaring algorithm. Students must implement a helper function for matrix multiplication, handle edge cases such as returning an identity matrix when n=0, and correctly structure the recursive or iterative squaring logic. While the individual components are standard, implementing them from scratch and debugging 2D list operations in Python takes significant time and careful planning. It is too complex for an easy problem, but it relies on standard intermediate algorithms rather than highly advanced problem-solving techniques."
"Operators-Hard-1-shot-1783869062725";"qwen/qwen3.7-plus";"Operators";"Hard";"1-shot";"Given the string 'Belajar Python Dasar', write a function cek_panjang() that uses the walrus operator (:=) inside an if statement. If the string length is greater than 10, return the message 'Kalimat terlalu panjang! Terdeteksi ada 21 karakter.'. Otherwise, return 'Panjang kalimat aman, hanya n karakter.'. The length must only be computed once using the walrus operator.";NULL;NULL;5;"Bitwise Gray Code Converter";"Write a function gray_code_operations(n) that takes a non-negative integer n. First, convert n to its Gray code equivalent using bitwise XOR (^) and shift (>>) operators. Then, convert that Gray code back to the original binary integer using a loop with bitwise XOR (^) and shift (>>) operators. Return a tuple containing (gray_code, reconstructed_binary).";failed;"passed";NULL;NULL;"failed";"Classification mismatch: expected 'Hard' (level hard), got 'intermediate'";"The exercise requires a solid understanding of bitwise operations and specific algorithmic logic for Gray code conversion. While converting binary to Gray code is a straightforward one-liner, reconstructing the original binary from the Gray code requires implementing a loop with iterative bitwise XOR and shift operations. This goes beyond basic syntax and simple logic (which would be easy) but does not involve the complex algorithmic, mathematical, or data structure challenges typical of hard problems."
"Variables-Hard-1-shot-1783869323541";"qwen/qwen3.7-plus";"Variables";"Hard";"1-shot";"Create a function mesin_penghitung() that initializes a variable hitungan = 0. Inside it, define another function tambah() that uses the nonlocal keyword to increment hitungan by 1 every time it is called and returns the updated value. Return the inner function tambah.";NULL;NULL;1;"Fixing Closure Variable Binding";"Write a function `create_multipliers(n)` that returns a list of `n` lambda functions. The `i`-th function should take an argument `x` and return `x * i`. A naive implementation using a loop or list comprehension will result in all functions using the final value of `i` due to late binding. Fix this by explicitly binding the loop variable to a default argument in the lambda, ensuring each function captures its correct `i` value.";failed;"passed";NULL;NULL;"failed";"Classification mismatch: expected 'Hard' (level hard), got 'easy'";"The implementation requires only a single line of code (a list comprehension with a lambda function). Although late binding in closures is a known Python ""gotcha"", the problem description explicitly provides the exact solution strategy (using a default argument in the lambda). Because the conceptual hurdle is removed and the syntax required is minimal, most students will be able to translate the instructions and solve the problem very quickly."
"Variables-Hard-1-shot-1783869323541";"qwen/qwen3.7-plus";"Variables";"Hard";"1-shot";"Create a function mesin_penghitung() that initializes a variable hitungan = 0. Inside it, define another function tambah() that uses the nonlocal keyword to increment hitungan by 1 every time it is called and returns the updated value. Return the inner function tambah.";NULL;NULL;2;"Variable Reference vs Reassignment";"Write a function `reference_test()` that initializes a variable `list1` to `[1, 2, 3]`. Assign `list2 = list1` and `list3 = list1`. Append `4` to `list2`. Then, reassign `list3` to a completely new list `[5, 6]` (do not modify it in place). Return a tuple `(list1, list2, list3)` to demonstrate the difference between mutating a referenced object and reassigning a variable.";failed;"passed";NULL;NULL;"failed";"Classification mismatch: expected 'Hard' (level hard), got 'easy'";"The exercise requires only a few lines of very straightforward code and explicitly lists the exact steps to follow in the problem description. Although it tests the conceptual understanding of variable references and list mutability in Python, the actual implementation is trivial and can be completed quickly by beginners."
"Variables-Hard-1-shot-1783869323541";"qwen/qwen3.7-plus";"Variables";"Hard";"1-shot";"Create a function mesin_penghitung() that initializes a variable hitungan = 0. Inside it, define another function tambah() that uses the nonlocal keyword to increment hitungan by 1 every time it is called and returns the updated value. Return the inner function tambah.";NULL;NULL;3;"Advanced Iterable Unpacking";"Write a function `extract_boundaries(iterable)` that takes any iterable (like a list or tuple) of at least 3 elements. Use advanced variable unpacking with the `*` operator to assign the first element to a variable `first`, the last element to a variable `last`, and all middle elements to a variable `middle` (which should be a list). Return a tuple `(first, middle, last)`.";failed;"passed";NULL;NULL;"failed";"Classification mismatch: expected 'Hard' (level hard), got 'easy'";"The problem requires very little code and explicitly hints at the exact solution by asking to use the `*` operator for unpacking. Students can solve the core logic in a single line (`first, *middle, last = iterable`) followed by the return statement. Even if a student is unfamiliar with extended iterable unpacking, they can easily solve it using basic indexing and slicing. Most students will be able to write the solution quickly with just a few lines of code."
"Variables-Hard-1-shot-1783869323541";"qwen/qwen3.7-plus";"Variables";"Hard";"1-shot";"Create a function mesin_penghitung() that initializes a variable hitungan = 0. Inside it, define another function tambah() that uses the nonlocal keyword to increment hitungan by 1 every time it is called and returns the updated value. Return the inner function tambah.";NULL;NULL;4;"Variable Shadowing and Evaluation";"Write a function `shadow_test(x)` where `x` is an integer. Inside the function, define a variable `y = x * 2`. Then, define a nested function `inner(x)` where the parameter `x` shadows the outer `x`. Inside `inner`, define `y = x * 3`. The function `shadow_test` should return a tuple of three values: the outer `y`, the result of calling `inner(5)`, and the outer `x` (to prove the outer `x` wasn't modified by the inner call).";failed;"passed";NULL;NULL;"failed";"Classification mismatch: expected 'Hard' (level hard), got 'easy'";"The exercise requires only a few lines of code and provides explicit, step-by-step instructions on exactly what to implement. It tests fundamental Python concepts such as variable assignment, nested functions, and returning tuples, which most students will be able to solve quickly and without difficulty."
"Variables-Hard-1-shot-1783869323541";"qwen/qwen3.7-plus";"Variables";"Hard";"1-shot";"Create a function mesin_penghitung() that initializes a variable hitungan = 0. Inside it, define another function tambah() that uses the nonlocal keyword to increment hitungan by 1 every time it is called and returns the updated value. Return the inner function tambah.";NULL;NULL;5;"XOR Variable Swap";"Write a function `xor_swap(a, b)` that takes two integer variables `a` and `b`. Swap their values using *only* the bitwise XOR operator (`^`) and variable reassignment. You are NOT allowed to use tuple unpacking (e.g., `a, b = b, a`) or a temporary variable. Return the swapped values as a tuple `(a, b)`.";failed;"passed";NULL;NULL;"failed";"Classification mismatch: expected 'Hard' (level hard), got 'easy'";"While the problem requires specific knowledge of bitwise XOR properties, it relies on a classic, widely taught algorithmic trick. The solution consists of only three simple lines of code with no loops, conditionals, or complex data structures. Most students will be able to write the solution quickly once they recall or understand the standard XOR swap sequence."
"Conditionals-Easy-2-shot-1783869662288";"qwen/qwen3.7-plus";"Conditionals";"Easy";"2-shot";"Given a rainfall level string ('tinggi' or 'rendah'), determine the traffic condition. If rainfall is 'tinggi', return 'macet'. Otherwise, return 'tidak macet'.";"Given three integers u1, u2, u3 in increasing order, determine whether they form a geometric sequence. A geometric sequence satisfies u2/u1 == u3/u2 (using integer division). Return 'ya' if it is geometric, 'tidak' otherwise.";NULL;1;"Even or Odd";"Given an integer n, return the string 'even' if n is divisible by 2, and 'odd' otherwise.";passed;"passed";NULL;NULL;"passed";NULL;NULL
"Conditionals-Easy-2-shot-1783869662288";"qwen/qwen3.7-plus";"Conditionals";"Easy";"2-shot";"Given a rainfall level string ('tinggi' or 'rendah'), determine the traffic condition. If rainfall is 'tinggi', return 'macet'. Otherwise, return 'tidak macet'.";"Given three integers u1, u2, u3 in increasing order, determine whether they form a geometric sequence. A geometric sequence satisfies u2/u1 == u3/u2 (using integer division). Return 'ya' if it is geometric, 'tidak' otherwise.";NULL;2;"Pass or Fail";"Given an integer score representing a student's test result, return 'Pass' if the score is 60 or above, and 'Fail' otherwise.";passed;"passed";NULL;NULL;"passed";NULL;NULL
"Conditionals-Easy-2-shot-1783869662288";"qwen/qwen3.7-plus";"Conditionals";"Easy";"2-shot";"Given a rainfall level string ('tinggi' or 'rendah'), determine the traffic condition. If rainfall is 'tinggi', return 'macet'. Otherwise, return 'tidak macet'.";"Given three integers u1, u2, u3 in increasing order, determine whether they form a geometric sequence. A geometric sequence satisfies u2/u1 == u3/u2 (using integer division). Return 'ya' if it is geometric, 'tidak' otherwise.";NULL;3;"Custom Absolute Value";"Given an integer x, return its absolute value without using the built-in abs() function. Use conditionals to check if the number is negative.";passed;"passed";NULL;NULL;"passed";NULL;NULL
"Conditionals-Easy-2-shot-1783869662288";"qwen/qwen3.7-plus";"Conditionals";"Easy";"2-shot";"Given a rainfall level string ('tinggi' or 'rendah'), determine the traffic condition. If rainfall is 'tinggi', return 'macet'. Otherwise, return 'tidak macet'.";"Given three integers u1, u2, u3 in increasing order, determine whether they form a geometric sequence. A geometric sequence satisfies u2/u1 == u3/u2 (using integer division). Return 'ya' if it is geometric, 'tidak' otherwise.";NULL;4;"Max of Three";"Given three integers a, b, and c, return the largest value among them using conditional statements.";passed;"passed";NULL;NULL;"passed";NULL;NULL
"Conditionals-Easy-2-shot-1783869662288";"qwen/qwen3.7-plus";"Conditionals";"Easy";"2-shot";"Given a rainfall level string ('tinggi' or 'rendah'), determine the traffic condition. If rainfall is 'tinggi', return 'macet'. Otherwise, return 'tidak macet'.";"Given three integers u1, u2, u3 in increasing order, determine whether they form a geometric sequence. A geometric sequence satisfies u2/u1 == u3/u2 (using integer division). Return 'ya' if it is geometric, 'tidak' otherwise.";NULL;5;"Voting Eligibility";"Given an integer age, determine if a person is eligible to vote. Return 'eligible' if the age is 18 or older, and 'not eligible' otherwise.";passed;"passed";NULL;NULL;"passed";NULL;NULL
"Constants-Easy-2-shot-1783869878188";"qwen/qwen3.7-plus";"Constants";"Easy";"2-shot";"Import pi from the math module. Create a global constant named PI_APPROX that stores math.pi rounded to 4 decimal places. Use PI_APPROX to calculate the circumference of a circle with radius 7.";"Declare two string constants: MSG_SUCCESS = 'Operasi Berhasil' and MSG_ERROR = 'Terjadi Kesalahan'. Create a function cek_status(kode) that returns MSG_SUCCESS if kode equals 200, otherwise returns MSG_ERROR.";NULL;1;"Calculating Tax with a Constant";"Define a constant TAX_RATE = 0.11. Write a function calculate_total(price) that returns the price plus the tax (price * TAX_RATE).";failed;"failed";"Test case 1 failed: assert calculate_total(100) == 111.0";"Unit test failed: Test case 1 failed: assert calculate_total(100) == 111.0";NULL;NULL;NULL
"Constants-Easy-2-shot-1783869878188";"qwen/qwen3.7-plus";"Constants";"Easy";"2-shot";"Import pi from the math module. Create a global constant named PI_APPROX that stores math.pi rounded to 4 decimal places. Use PI_APPROX to calculate the circumference of a circle with radius 7.";"Declare two string constants: MSG_SUCCESS = 'Operasi Berhasil' and MSG_ERROR = 'Terjadi Kesalahan'. Create a function cek_status(kode) that returns MSG_SUCCESS if kode equals 200, otherwise returns MSG_ERROR.";NULL;2;"Energy Calculation Using Physics Constant";"Define a constant C = 300000000 representing the speed of light in m/s. Write a function calculate_energy(mass) that returns the energy using the formula E = mass * C^2.";passed;"passed";NULL;NULL;"passed";NULL;NULL
"Constants-Easy-2-shot-1783869878188";"qwen/qwen3.7-plus";"Constants";"Easy";"2-shot";"Import pi from the math module. Create a global constant named PI_APPROX that stores math.pi rounded to 4 decimal places. Use PI_APPROX to calculate the circumference of a circle with radius 7.";"Declare two string constants: MSG_SUCCESS = 'Operasi Berhasil' and MSG_ERROR = 'Terjadi Kesalahan'. Create a function cek_status(kode) that returns MSG_SUCCESS if kode equals 200, otherwise returns MSG_ERROR.";NULL;3;"Distance Conversion with a Constant";"Define a constant MILES_TO_KM = 1.60934. Write a function miles_to_kilometers(miles) that converts a distance in miles to kilometers using this constant.";passed;"passed";NULL;NULL;"passed";NULL;NULL
"Constants-Easy-2-shot-1783869878188";"qwen/qwen3.7-plus";"Constants";"Easy";"2-shot";"Import pi from the math module. Create a global constant named PI_APPROX that stores math.pi rounded to 4 decimal places. Use PI_APPROX to calculate the circumference of a circle with radius 7.";"Declare two string constants: MSG_SUCCESS = 'Operasi Berhasil' and MSG_ERROR = 'Terjadi Kesalahan'. Create a function cek_status(kode) that returns MSG_SUCCESS if kode equals 200, otherwise returns MSG_ERROR.";NULL;4;"Elevator Capacity Check";"Define a constant MAX_CAPACITY = 500. Write a function is_safe(total_weight) that returns True if total_weight is less than or equal to MAX_CAPACITY, otherwise returns False.";passed;"passed";NULL;NULL;"passed";NULL;NULL
"Constants-Easy-2-shot-1783869878188";"qwen/qwen3.7-plus";"Constants";"Easy";"2-shot";"Import pi from the math module. Create a global constant named PI_APPROX that stores math.pi rounded to 4 decimal places. Use PI_APPROX to calculate the circumference of a circle with radius 7.";"Declare two string constants: MSG_SUCCESS = 'Operasi Berhasil' and MSG_ERROR = 'Terjadi Kesalahan'. Create a function cek_status(kode) that returns MSG_SUCCESS if kode equals 200, otherwise returns MSG_ERROR.";NULL;5;"Applying a Discount Rate";"Define a constant DISCOUNT_RATE = 0.20. Write a function get_discounted_price(original_price) that returns the price after applying the discount rate.";passed;"passed";NULL;NULL;"passed";NULL;NULL
"Expressions-Easy-2-shot-1783870045527";"qwen/qwen3.7-plus";"Expressions";"Easy";"2-shot";"Given the string 'Waku ', write a function buat_sorakan() that repeats the string twice and concatenates it with 'Yay!'. Return the resulting string.";"Create a variable angka = 42. Write a function cek_genap() that evaluates the boolean expression angka % 2 == 0 and returns the result.";NULL;1;"Rectangle Area Expression";"Given length = 5 and width = 3, write a function hitung_luas() that evaluates the arithmetic expression for the area of a rectangle and returns the result.";passed;"passed";NULL;NULL;"passed";NULL;NULL
"Expressions-Easy-2-shot-1783870045527";"qwen/qwen3.7-plus";"Expressions";"Easy";"2-shot";"Given the string 'Waku ', write a function buat_sorakan() that repeats the string twice and concatenates it with 'Yay!'. Return the resulting string.";"Create a variable angka = 42. Write a function cek_genap() that evaluates the boolean expression angka % 2 == 0 and returns the result.";NULL;2;"Voting Age Expression";"Given an integer variable usia = 17, write a function cukup_memilih() that evaluates the boolean expression usia >= 18 and returns the result.";passed;"passed";NULL;NULL;"passed";NULL;NULL
"Expressions-Easy-2-shot-1783870045527";"qwen/qwen3.7-plus";"Expressions";"Easy";"2-shot";"Given the string 'Waku ', write a function buat_sorakan() that repeats the string twice and concatenates it with 'Yay!'. Return the resulting string.";"Create a variable angka = 42. Write a function cek_genap() that evaluates the boolean expression angka % 2 == 0 and returns the result.";NULL;3;"Full Name Expression";"Given nama_depan = 'Budi' and nama_belakang = 'Santoso', write a function nama_lengkap() that evaluates a string expression to combine them with a space in between, and returns the result.";passed;"passed";NULL;NULL;"passed";NULL;NULL
"Expressions-Easy-2-shot-1783870045527";"qwen/qwen3.7-plus";"Expressions";"Easy";"2-shot";"Given the string 'Waku ', write a function buat_sorakan() that repeats the string twice and concatenates it with 'Yay!'. Return the resulting string.";"Create a variable angka = 42. Write a function cek_genap() that evaluates the boolean expression angka % 2 == 0 and returns the result.";NULL;4;"Total Price Expression";"Given harga = 10000 and jumlah = 3, write a function total_bayar() that evaluates the arithmetic expression to calculate the total price and returns it as an integer.";passed;"passed";NULL;NULL;"passed";NULL;NULL
"Expressions-Easy-2-shot-1783870045527";"qwen/qwen3.7-plus";"Expressions";"Easy";"2-shot";"Given the string 'Waku ', write a function buat_sorakan() that repeats the string twice and concatenates it with 'Yay!'. Return the resulting string.";"Create a variable angka = 42. Write a function cek_genap() that evaluates the boolean expression angka % 2 == 0 and returns the result.";NULL;5;"Average Score Expression";"Given three scores nilai1 = 80, nilai2 = 90, and nilai3 = 100, write a function rata_rata() that evaluates the arithmetic expression for their average and returns the result as a float.";passed;"passed";NULL;NULL;"passed";NULL;NULL
"Input/Output-Easy-2-shot-1783870301747";"qwen/qwen3.7-plus";"Input/Output";"Easy";"2-shot";"Write a function format_harga(harga) that formats a number as Indonesian Rupiah using commas as thousands separators and two decimal places. For example, 12500000 should become 'Rp 12,500,000.00'.";"Write a function hitung_umur(tahun_lahir) that receives a birth year as an integer and returns the estimated age in the year 2024.";NULL;1;"Greeting Output";"Write a function create_greeting(name) that takes a string name and returns a greeting string formatted exactly as 'Hello, [name]!'. This simulates preparing a string for standard output.";passed;"passed";NULL;NULL;"passed";NULL;NULL
"Input/Output-Easy-2-shot-1783870301747";"qwen/qwen3.7-plus";"Input/Output";"Easy";"2-shot";"Write a function format_harga(harga) that formats a number as Indonesian Rupiah using commas as thousands separators and two decimal places. For example, 12500000 should become 'Rp 12,500,000.00'.";"Write a function hitung_umur(tahun_lahir) that receives a birth year as an integer and returns the estimated age in the year 2024.";NULL;2;"Receipt Formatting";"Write a function format_receipt(item, price) that returns a string formatted for a receipt output. The format should be 'Item: [item] - Price: $[price]' with the price always showing exactly two decimal places.";passed;"passed";NULL;NULL;"passed";NULL;NULL
"Input/Output-Easy-2-shot-1783870301747";"qwen/qwen3.7-plus";"Input/Output";"Easy";"2-shot";"Write a function format_harga(harga) that formats a number as Indonesian Rupiah using commas as thousands separators and two decimal places. For example, 12500000 should become 'Rp 12,500,000.00'.";"Write a function hitung_umur(tahun_lahir) that receives a birth year as an integer and returns the estimated age in the year 2024.";NULL;3;"Error Message Output";"Write a function format_error(code, message) that prepares an error message for output. It should return a string formatted exactly as 'ERROR [code]: [message]'.";passed;"passed";NULL;NULL;"passed";NULL;NULL
"Input/Output-Easy-2-shot-1783870301747";"qwen/qwen3.7-plus";"Input/Output";"Easy";"2-shot";"Write a function format_harga(harga) that formats a number as Indonesian Rupiah using commas as thousands separators and two decimal places. For example, 12500000 should become 'Rp 12,500,000.00'.";"Write a function hitung_umur(tahun_lahir) that receives a birth year as an integer and returns the estimated age in the year 2024.";NULL;4;"Coordinate Display";"Write a function display_coordinates(x, y) that formats a set of coordinates for output. Return the string formatted exactly as 'Coordinates: (x, y)'.";passed;"passed";NULL;NULL;"passed";NULL;NULL
"Input/Output-Easy-2-shot-1783870301747";"qwen/qwen3.7-plus";"Input/Output";"Easy";"2-shot";"Write a function format_harga(harga) that formats a number as Indonesian Rupiah using commas as thousands separators and two decimal places. For example, 12500000 should become 'Rp 12,500,000.00'.";"Write a function hitung_umur(tahun_lahir) that receives a birth year as an integer and returns the estimated age in the year 2024.";NULL;5;"User Prompt Output";"Write a function create_prompt(username) that generates a command-line prompt string for output. Return the string formatted exactly as '[username]@system:~$ ' (ensure you include the trailing space at the end).";passed;"passed";NULL;NULL;"passed";NULL;NULL
"Loop-Easy-2-shot-1783870530698";"qwen/qwen3.7-plus";"Loop";"Easy";"2-shot";"Given a list tamu = ['Andi', 'Budi', 'Citra'], write a function sapa_tamu() that returns a list of greeting strings for each guest in the format 'Halo {nama}, selamat datang!'.";"Given two integers n and m where n < m, return a list of all integers from n to m inclusive. For example, n=1 and m=5 returns [1, 2, 3, 4, 5].";NULL;1;"Sum of Numbers";"Write a function sum_numbers(n) that uses a loop to calculate and return the sum of all integers from 1 to n inclusive. If n is less than 1, return 0.";passed;"passed";NULL;NULL;"passed";NULL;NULL
"Loop-Easy-2-shot-1783870530698";"qwen/qwen3.7-plus";"Loop";"Easy";"2-shot";"Given a list tamu = ['Andi', 'Budi', 'Citra'], write a function sapa_tamu() that returns a list of greeting strings for each guest in the format 'Halo {nama}, selamat datang!'.";"Given two integers n and m where n < m, return a list of all integers from n to m inclusive. For example, n=1 and m=5 returns [1, 2, 3, 4, 5].";NULL;2;"Count Vowels";"Write a function count_vowels(text) that uses a loop to count and return the number of vowels ('a', 'e', 'i', 'o', 'u') in a given lowercase string.";passed;"passed";NULL;NULL;"passed";NULL;NULL
"Loop-Easy-2-shot-1783870530698";"qwen/qwen3.7-plus";"Loop";"Easy";"2-shot";"Given a list tamu = ['Andi', 'Budi', 'Citra'], write a function sapa_tamu() that returns a list of greeting strings for each guest in the format 'Halo {nama}, selamat datang!'.";"Given two integers n and m where n < m, return a list of all integers from n to m inclusive. For example, n=1 and m=5 returns [1, 2, 3, 4, 5].";NULL;3;"Reverse String";"Write a function reverse_string(s) that uses a loop to reverse a given string. Do not use the built-in reversed() function or slicing like [::-1].";passed;"passed";NULL;NULL;"passed";NULL;NULL
"Loop-Easy-2-shot-1783870530698";"qwen/qwen3.7-plus";"Loop";"Easy";"2-shot";"Given a list tamu = ['Andi', 'Budi', 'Citra'], write a function sapa_tamu() that returns a list of greeting strings for each guest in the format 'Halo {nama}, selamat datang!'.";"Given two integers n and m where n < m, return a list of all integers from n to m inclusive. For example, n=1 and m=5 returns [1, 2, 3, 4, 5].";NULL;4;"Find Maximum";"Write a function find_max(numbers) that uses a loop to find and return the maximum integer in a list of numbers. Do not use the built-in max() function.";passed;"passed";NULL;NULL;"passed";NULL;NULL
"Loop-Easy-2-shot-1783870530698";"qwen/qwen3.7-plus";"Loop";"Easy";"2-shot";"Given a list tamu = ['Andi', 'Budi', 'Citra'], write a function sapa_tamu() that returns a list of greeting strings for each guest in the format 'Halo {nama}, selamat datang!'.";"Given two integers n and m where n < m, return a list of all integers from n to m inclusive. For example, n=1 and m=5 returns [1, 2, 3, 4, 5].";NULL;5;"Repeat String";"Write a function repeat_string(text, times) that uses a loop to concatenate text to itself times number of times. Do not use the string multiplication operator (*).";passed;"passed";NULL;NULL;"passed";NULL;NULL
"Operators-Easy-2-shot-1783870738814";"qwen/qwen3.7-plus";"Operators";"Easy";"2-shot";"You have 23 pieces of cake to distribute equally among 5 children. Write a function bagi_kue() that returns a tuple containing the number of whole pieces each child receives and the remaining pieces using the floor division (//) and modulo (%) operators.";"A person is eligible to apply for a driving license if they are at least 17 years old and have passed the driving test. Given usia = 18 and lulus_ujian = True, write a function cek_sim() that returns whether the person is eligible.";NULL;1;"Rectangle Area";"Calculate the area of a rectangle given length = 5 and width = 3. Write a function calculate_area() that returns the area using the multiplication (*) operator.";passed;"passed";NULL;NULL;"passed";NULL;NULL
"Operators-Easy-2-shot-1783870738814";"qwen/qwen3.7-plus";"Operators";"Easy";"2-shot";"You have 23 pieces of cake to distribute equally among 5 children. Write a function bagi_kue() that returns a tuple containing the number of whole pieces each child receives and the remaining pieces using the floor division (//) and modulo (%) operators.";"A person is eligible to apply for a driving license if they are at least 17 years old and have passed the driving test. Given usia = 18 and lulus_ujian = True, write a function cek_sim() that returns whether the person is eligible.";NULL;2;"Strict Inequality";"Given two variables a = 10 and b = 10, write a function check_inequality() that returns True if a is strictly not equal to b, and False otherwise, using the not equal (!=) operator.";passed;"passed";NULL;NULL;"passed";NULL;NULL
"Operators-Easy-2-shot-1783870738814";"qwen/qwen3.7-plus";"Operators";"Easy";"2-shot";"You have 23 pieces of cake to distribute equally among 5 children. Write a function bagi_kue() that returns a tuple containing the number of whole pieces each child receives and the remaining pieces using the floor division (//) and modulo (%) operators.";"A person is eligible to apply for a driving license if they are at least 17 years old and have passed the driving test. Given usia = 18 and lulus_ujian = True, write a function cek_sim() that returns whether the person is eligible.";NULL;3;"Voting Eligibility";"A person can vote if they are 18 or older, or if they are a registered voter. Given age = 16 and is_registered = True, write a function can_vote() that returns True if either condition is met using the logical 'or' operator.";passed;"passed";NULL;NULL;"passed";NULL;NULL
"Operators-Easy-2-shot-1783870738814";"qwen/qwen3.7-plus";"Operators";"Easy";"2-shot";"You have 23 pieces of cake to distribute equally among 5 children. Write a function bagi_kue() that returns a tuple containing the number of whole pieces each child receives and the remaining pieces using the floor division (//) and modulo (%) operators.";"A person is eligible to apply for a driving license if they are at least 17 years old and have passed the driving test. Given usia = 18 and lulus_ujian = True, write a function cek_sim() that returns whether the person is eligible.";NULL;4;"Square Calculation";"Write a function calculate_square() that calculates the square of the number 7 using the exponentiation (**) operator.";passed;"passed";NULL;NULL;"passed";NULL;NULL
"Operators-Easy-2-shot-1783870738814";"qwen/qwen3.7-plus";"Operators";"Easy";"2-shot";"You have 23 pieces of cake to distribute equally among 5 children. Write a function bagi_kue() that returns a tuple containing the number of whole pieces each child receives and the remaining pieces using the floor division (//) and modulo (%) operators.";"A person is eligible to apply for a driving license if they are at least 17 years old and have passed the driving test. Given usia = 18 and lulus_ujian = True, write a function cek_sim() that returns whether the person is eligible.";NULL;5;"Invert Boolean";"Given a boolean variable is_raining = True, write a function is_sunny() that returns the opposite boolean value using the logical 'not' operator.";passed;"passed";NULL;NULL;"passed";NULL;NULL
"Variables-Easy-2-shot-1783870924970";"qwen/qwen3.7-plus";"Variables";"Easy";"2-shot";"The following variable names are invalid in Python: '1angka', 'nama depan', and 'class'. Rename them using valid snake_case variable names and assign the same values. Write a function perbaiki_variabel() that returns the values as a tuple in the order (angka_1, nama_depan, kelas_ku).";"Declare three variables x, y, and z in a single line with the values 10, 20, and 30. Create another variable named total that stores the sum of x, y, and z. Write a function hitung_total() that returns total.";NULL;1;"Update Variable Value";"Create a variable 'count' initialized to 5. Reassign it to its current value plus 10. Write a function 'update_count()' that returns the new value of the variable.";passed;"passed";NULL;NULL;"passed";NULL;NULL
"Variables-Easy-2-shot-1783870924970";"qwen/qwen3.7-plus";"Variables";"Easy";"2-shot";"The following variable names are invalid in Python: '1angka', 'nama depan', and 'class'. Rename them using valid snake_case variable names and assign the same values. Write a function perbaiki_variabel() that returns the values as a tuple in the order (angka_1, nama_depan, kelas_ku).";"Declare three variables x, y, and z in a single line with the values 10, 20, and 30. Create another variable named total that stores the sum of x, y, and z. Write a function hitung_total() that returns total.";NULL;2;"Swap Two Variables";"Declare two variables 'a' with value 10 and 'b' with value 20. Swap their values using a single line of Python code. Write a function 'swap_variables()' that returns the swapped values as a tuple (a, b).";passed;"passed";NULL;NULL;"passed";NULL;NULL
"Variables-Easy-2-shot-1783870924970";"qwen/qwen3.7-plus";"Variables";"Easy";"2-shot";"The following variable names are invalid in Python: '1angka', 'nama depan', and 'class'. Rename them using valid snake_case variable names and assign the same values. Write a function perbaiki_variabel() that returns the values as a tuple in the order (angka_1, nama_depan, kelas_ku).";"Declare three variables x, y, and z in a single line with the values 10, 20, and 30. Create another variable named total that stores the sum of x, y, and z. Write a function hitung_total() that returns total.";NULL;3;"Type Casting Variables";"You are given a string variable 'num_str' with the value '42'. Convert this variable to an integer, add 8 to it, and return the result. Write a function 'cast_and_add()' that performs this operation.";passed;"passed";NULL;NULL;"passed";NULL;NULL
"Variables-Easy-2-shot-1783870924970";"qwen/qwen3.7-plus";"Variables";"Easy";"2-shot";"The following variable names are invalid in Python: '1angka', 'nama depan', and 'class'. Rename them using valid snake_case variable names and assign the same values. Write a function perbaiki_variabel() that returns the values as a tuple in the order (angka_1, nama_depan, kelas_ku).";"Declare three variables x, y, and z in a single line with the values 10, 20, and 30. Create another variable named total that stores the sum of x, y, and z. Write a function hitung_total() that returns total.";NULL;4;"Calculate Rectangle Area";"Declare variables 'length' with value 7 and 'width' with value 4. Calculate the area of the rectangle using these variables and store it in a variable named 'area'. Write a function 'calculate_area()' that returns the area.";passed;"passed";NULL;NULL;"passed";NULL;NULL
"Variables-Easy-2-shot-1783870924970";"qwen/qwen3.7-plus";"Variables";"Easy";"2-shot";"The following variable names are invalid in Python: '1angka', 'nama depan', and 'class'. Rename them using valid snake_case variable names and assign the same values. Write a function perbaiki_variabel() that returns the values as a tuple in the order (angka_1, nama_depan, kelas_ku).";"Declare three variables x, y, and z in a single line with the values 10, 20, and 30. Create another variable named total that stores the sum of x, y, and z. Write a function hitung_total() that returns total.";NULL;5;"Combine Name Variables";"Create two string variables 'first_name' with value 'John' and 'last_name' with value 'Doe'. Combine them into a single variable 'full_name' with a space in between. Write a function 'get_full_name()' that returns 'full_name'.";passed;"passed";NULL;NULL;"passed";NULL;NULL
"Conditionals-Medium-2-shot-1783871282500";"qwen/qwen3.7-plus";"Conditionals";"Medium";"2-shot";"Given coefficients a, b, c of a quadratic function f(x) = ax^2 + bx + c, determine whether the function has an intersection with the x-axis. The discriminant D = b^2 - 4ac. If D >= 0, return 'memiliki titik potong dengan sumbu-x', otherwise return 'tidak memiliki titik potong dengan sumbu-x'.";"Given a string s of length >= 20, extract the secret message by taking characters at index 0, 4, 8, and 12. Return the 4-character secret message. If the string is shorter than 20 characters, return an empty string.";NULL;1;"Days in Month Calculator";"Given a year and a month, return the number of days in that month. Handle leap years correctly. A year is a leap year if it is divisible by 4, except for end-of-century years, which must be divisible by 400. If the month is not between 1 and 12, return -1.";failed;"passed";NULL;NULL;"failed";"Classification mismatch: expected 'Medium' (level intermediate), got 'easy'";"This is a standard beginner-level problem that requires only basic conditional logic and arithmetic. The leap year calculation is a well-known rule taught in introductory programming, and checking the month and returning the days can be implemented with a simple list lookup or a few if-else statements. Most students will be able to solve this quickly with a short amount of code."
"Conditionals-Medium-2-shot-1783871282500";"qwen/qwen3.7-plus";"Conditionals";"Medium";"2-shot";"Given coefficients a, b, c of a quadratic function f(x) = ax^2 + bx + c, determine whether the function has an intersection with the x-axis. The discriminant D = b^2 - 4ac. If D >= 0, return 'memiliki titik potong dengan sumbu-x', otherwise return 'tidak memiliki titik potong dengan sumbu-x'.";"Given a string s of length >= 20, extract the secret message by taking characters at index 0, 4, 8, and 12. Return the 4-character secret message. If the string is shorter than 20 characters, return an empty string.";NULL;2;"Theme Park Ticket Pricing";"Calculate the final ticket price based on age, day of the week, and student status. The base price is $50. Children (age < 12) get a 50% discount. Seniors (age >= 65) get a 30% discount. If it is a weekend (day_of_week is 6 for Saturday or 7 for Sunday) and the person is neither a child nor a senior, add a $10 weekend surcharge. If the person is a student (is_student is True) and it is a weekday (day_of_week 1-5), apply a flat $5 discount. If age is negative, return -1.";failed;"passed";NULL;NULL;"failed";"Classification mismatch: expected 'Medium' (level intermediate), got 'easy'";"The exercise primarily tests basic control flow and conditional logic (if/elif/else statements) along with simple arithmetic. It does not require loops, complex data structures, or advanced algorithms. While it requires careful reading to correctly apply the overlapping rules (such as ensuring children and seniors do not get the weekend surcharge), the solution can be written in just a few lines of straightforward code, making it an easy problem for beginners learning basic conditionals."
"Conditionals-Medium-2-shot-1783871282500";"qwen/qwen3.7-plus";"Conditionals";"Medium";"2-shot";"Given coefficients a, b, c of a quadratic function f(x) = ax^2 + bx + c, determine whether the function has an intersection with the x-axis. The discriminant D = b^2 - 4ac. If D >= 0, return 'memiliki titik potong dengan sumbu-x', otherwise return 'tidak memiliki titik potong dengan sumbu-x'.";"Given a string s of length >= 20, extract the secret message by taking characters at index 0, 4, 8, and 12. Return the 4-character secret message. If the string is shorter than 20 characters, return an empty string.";NULL;3;"Triangle Classification";"Given three side lengths a, b, and c, first determine if they can form a valid triangle. A triangle is valid if all sides are strictly greater than 0, and the sum of any two sides is strictly greater than the third side. If invalid, return 'Invalid'. If valid, classify it as 'Equilateral' (all three sides equal), 'Isosceles' (exactly two sides equal), or 'Scalene' (all sides different).";failed;"passed";NULL;NULL;"failed";"Classification mismatch: expected 'Medium' (level intermediate), got 'easy'";"The problem only requires basic conditional statements (if/elif/else) and simple logical and arithmetic comparisons. It can be solved in just a few lines of code without the need for loops, complex data structures, or advanced algorithms. The logic is straightforward and directly maps to the problem description, meaning most students will be able to solve it quickly."
"Conditionals-Medium-2-shot-1783871282500";"qwen/qwen3.7-plus";"Conditionals";"Medium";"2-shot";"Given coefficients a, b, c of a quadratic function f(x) = ax^2 + bx + c, determine whether the function has an intersection with the x-axis. The discriminant D = b^2 - 4ac. If D >= 0, return 'memiliki titik potong dengan sumbu-x', otherwise return 'tidak memiliki titik potong dengan sumbu-x'.";"Given a string s of length >= 20, extract the secret message by taking characters at index 0, 4, 8, and 12. Return the 4-character secret message. If the string is shorter than 20 characters, return an empty string.";NULL;4;"Password Strength Evaluator";"Evaluate the strength of a password based on its length and character composition. A password must contain at least one uppercase letter, one lowercase letter, and one digit. If it lacks any of these three character types, return 'Weak'. If it contains all three types but its length is less than 12, return 'Medium'. If it contains all three types and its length is 12 or more, return 'Strong'.";failed;"failed";"Test case 4 failed: assert check_password_strength('Pass1') == 'Weak'";"Unit test failed: Test case 4 failed: assert check_password_strength('Pass1') == 'Weak'";NULL;NULL;NULL
"Conditionals-Medium-2-shot-1783871282500";"qwen/qwen3.7-plus";"Conditionals";"Medium";"2-shot";"Given coefficients a, b, c of a quadratic function f(x) = ax^2 + bx + c, determine whether the function has an intersection with the x-axis. The discriminant D = b^2 - 4ac. If D >= 0, return 'memiliki titik potong dengan sumbu-x', otherwise return 'tidak memiliki titik potong dengan sumbu-x'.";"Given a string s of length >= 20, extract the secret message by taking characters at index 0, 4, 8, and 12. Return the 4-character secret message. If the string is shorter than 20 characters, return an empty string.";NULL;5;"BMI and Health Category";"Calculate the Body Mass Index (BMI) given weight in kilograms and height in meters. The formula is BMI = weight / (height^2). Categorize the result as follows: less than 18.5 is 'Underweight', 18.5 up to (but not including) 25.0 is 'Normal', 25.0 up to (but not including) 30.0 is 'Overweight', and 30.0 or greater is 'Obese'. Return a tuple containing the BMI rounded to 1 decimal place and the category string. If weight or height is less than or equal to 0, return (0.0, 'Invalid').";failed;"passed";NULL;NULL;"failed";"Classification mismatch: expected 'Medium' (level intermediate), got 'easy'";"The problem requires only basic arithmetic operations, simple conditional statements (if/elif/else) to check numerical ranges, and basic built-in functions like `round()`. It does not involve complex logic, loops, or advanced data structures. Most students will be able to solve this quickly with just a few lines of code."
"Constants-Medium-2-shot-1783871603118";"qwen/qwen3.7-plus";"Constants";"Medium";"2-shot";"Use collections.namedtuple to create a structure named Warna. Create constants MERAH = Warna(255,0,0), HIJAU = Warna(0,255,0), and BIRU = Warna(0,0,255). Write a function campur_warna(warna1, warna2) that returns a new RGB tuple containing the average value of each component.";"Create an Enum class named StatusPesanan with members DIPROSES = 1, DIKIRIM = 2, and SELESAI = 3. Create a function update_pesanan(status_saat_ini) that returns the next Enum member. If the status is SELESAI, return the string 'Pesanan sudah di tahap akhir'.";NULL;1;"Physics Constants Calculation";"Define constants G = 6.674e-11 and SPEED_OF_LIGHT = 299792458. Write a function calculate_energy(mass) that returns the rest energy (E = m * c^2). Write a function calculate_gravity(m1, m2, r) that returns the gravitational force (F = G * m1 * m2 / r^2). Return a tuple of (energy, force) from a main function calculate_physics(mass, m1, m2, r).";failed;"failed";"Test case 1 failed: assert calculate_physics(1.0, 1.0, 1.0, 1.0) == (89875517873681764, 6.674e-11)";"Unit test failed: Test case 1 failed: assert calculate_physics(1.0, 1.0, 1.0, 1.0) == (89875517873681764, 6.674e-11)";NULL;NULL;NULL
"Constants-Medium-2-shot-1783871603118";"qwen/qwen3.7-plus";"Constants";"Medium";"2-shot";"Use collections.namedtuple to create a structure named Warna. Create constants MERAH = Warna(255,0,0), HIJAU = Warna(0,255,0), and BIRU = Warna(0,0,255). Write a function campur_warna(warna1, warna2) that returns a new RGB tuple containing the average value of each component.";"Create an Enum class named StatusPesanan with members DIPROSES = 1, DIKIRIM = 2, and SELESAI = 3. Create a function update_pesanan(status_saat_ini) that returns the next Enum member. If the status is SELESAI, return the string 'Pesanan sudah di tahap akhir'.";NULL;2;"Immutable Configuration Constants";"Use the dataclasses module to create a frozen dataclass named AppConstants with fields db_host (str), db_port (int), and max_connections (int). Write a function create_constants(host, port, max_conn) that returns an instance of AppConstants. Write a function update_port(constants, new_port) that returns a new AppConstants instance with the updated port.";failed;"passed";NULL;NULL;"failed";"Classification mismatch: expected 'Medium' (level intermediate), got 'easy'";"The exercise requires only a few lines of code to complete. The provided stub already includes the `replace` import, which gives a strong hint on how to handle the frozen dataclass. Implementing the two functions simply involves basic object instantiation and a single call to `replace`, making it a straightforward task that most students can solve quickly once they understand the concept of immutable dataclasses."
"Constants-Medium-2-shot-1783871603118";"qwen/qwen3.7-plus";"Constants";"Medium";"2-shot";"Use collections.namedtuple to create a structure named Warna. Create constants MERAH = Warna(255,0,0), HIJAU = Warna(0,255,0), and BIRU = Warna(0,0,255). Write a function campur_warna(warna1, warna2) that returns a new RGB tuple containing the average value of each component.";"Create an Enum class named StatusPesanan with members DIPROSES = 1, DIKIRIM = 2, and SELESAI = 3. Create a function update_pesanan(status_saat_ini) that returns the next Enum member. If the status is SELESAI, return the string 'Pesanan sudah di tahap akhir'.";NULL;3;"Type Hinting Constants";"Define three constants using typing.Final: MAX_USERS with value 100, APP_NAME with value 'MyApp', and DEBUG_MODE with value False. Write a function can_add_user(current_users) that returns True if current_users < MAX_USERS else False. Write a function get_app_info() that returns a dictionary {'name': APP_NAME, 'debug': DEBUG_MODE}.";failed;"passed";NULL;NULL;"failed";"Classification mismatch: expected 'Medium' (level intermediate), got 'easy'";"The exercise requires implementing two very simple functions with minimal logic (a basic comparison and returning a static dictionary). The constants are already defined in the provided stub, so the student only needs to write a few lines of straightforward code to complete the task. Most students will be able to solve this quickly."
"Constants-Medium-2-shot-1783871603118";"qwen/qwen3.7-plus";"Constants";"Medium";"2-shot";"Use collections.namedtuple to create a structure named Warna. Create constants MERAH = Warna(255,0,0), HIJAU = Warna(0,255,0), and BIRU = Warna(0,0,255). Write a function campur_warna(warna1, warna2) that returns a new RGB tuple containing the average value of each component.";"Create an Enum class named StatusPesanan with members DIPROSES = 1, DIKIRIM = 2, and SELESAI = 3. Create a function update_pesanan(status_saat_ini) that returns the next Enum member. If the status is SELESAI, return the string 'Pesanan sudah di tahap akhir'.";NULL;4;"Direction Constants Enum";"Create an Enum class named DirectionConstants with members NORTH = 0, EAST = 1, SOUTH = 2, WEST = 3. Write a function turn_right(direction) that returns the next direction in clockwise order (NORTH -> EAST -> SOUTH -> WEST -> NORTH). Write a function turn_left(direction) that returns the next direction in counter-clockwise order.";failed;"passed";NULL;NULL;"failed";"Classification mismatch: expected 'Medium' (level intermediate), got 'easy'";"The problem requires only basic knowledge of Python's Enum class and the modulo operator to cycle through a fixed set of four values. The logic is straightforward (adding or subtracting 1 and using modulo 4 to wrap around), and it only takes a few lines of code to implement the two functions. Most students will be able to solve this quickly."
"Constants-Medium-2-shot-1783871603118";"qwen/qwen3.7-plus";"Constants";"Medium";"2-shot";"Use collections.namedtuple to create a structure named Warna. Create constants MERAH = Warna(255,0,0), HIJAU = Warna(0,255,0), and BIRU = Warna(0,0,255). Write a function campur_warna(warna1, warna2) that returns a new RGB tuple containing the average value of each component.";"Create an Enum class named StatusPesanan with members DIPROSES = 1, DIKIRIM = 2, and SELESAI = 3. Create a function update_pesanan(status_saat_ini) that returns the next Enum member. If the status is SELESAI, return the string 'Pesanan sudah di tahap akhir'.";NULL;5;"Tax Rate Constants";"Define constants BASE_TAX_RATE = 0.05, LUXURY_TAX_RATE = 0.15, and LUXURY_THRESHOLD = 1000. Write a function calculate_total_price(price, is_luxury) that returns the final price including tax. If is_luxury is True and price >= LUXURY_THRESHOLD, apply LUXURY_TAX_RATE to the amount exceeding the threshold, and BASE_TAX_RATE to the rest. Otherwise, apply BASE_TAX_RATE to the whole price.";failed;"passed";NULL;NULL;"failed";"Classification mismatch: expected 'Medium' (level intermediate), got 'easy'";"The exercise only requires basic arithmetic operations and a simple conditional (if/else) statement. It can be solved quickly in just a few lines of code without needing loops, complex data structures, or advanced algorithms, making it a straightforward problem for beginners."
"Expressions-Medium-2-shot-1783873528773";"qwen/qwen3.7-plus";"Expressions";"Medium";"2-shot";"Create a lambda expression that multiplies two numbers and stores it in a variable named kali. Write a function hasil_perkalian() that uses the lambda expression to multiply 7 and 8, then returns the result.";"Given the list angka = [1, 2, 3, 4, 5], use a list comprehension to create a new list containing only the squares of the even numbers. Write a function kuadrat_genap() that returns the new list.";NULL;1;"Boolean Expressions";"Write a function `evaluate_expressions(a, b, c)` that takes three integers and returns a list containing the results of the following boolean Expressions: `a + b > c`, `a * b <= c`, and `(a + b + c) % 2 == 0`.";failed;"passed";NULL;NULL;"failed";"Classification mismatch: expected 'Medium' (level intermediate), got 'easy'";"This exercise only requires basic arithmetic and comparison operators, and can be solved in a single line of code by returning a list of the evaluated boolean expressions. It does not involve loops, complex conditionals, or edge cases, making it a very straightforward task for beginners."
"Expressions-Medium-2-shot-1783873528773";"qwen/qwen3.7-plus";"Expressions";"Medium";"2-shot";"Create a lambda expression that multiplies two numbers and stores it in a variable named kali. Write a function hasil_perkalian() that uses the lambda expression to multiply 7 and 8, then returns the result.";"Given the list angka = [1, 2, 3, 4, 5], use a list comprehension to create a new list containing only the squares of the even numbers. Write a function kuadrat_genap() that returns the new list.";NULL;2;"Conditional Expressions";"Write a function `process_expressions(numbers)` that takes a list of integers. Use conditional Expressions (ternary operators) inside a list comprehension to return a new list where all negative numbers are replaced by 0, and positive numbers remain unchanged.";failed;"passed";NULL;NULL;"failed";"Classification mismatch: expected 'Medium' (level intermediate), got 'easy'";"This exercise requires only a single line of code and explicitly states the exact concepts to use (list comprehensions and ternary operators). The logic is straightforward, so most students will be able to write the solution very quickly."
"Expressions-Medium-2-shot-1783873528773";"qwen/qwen3.7-plus";"Expressions";"Medium";"2-shot";"Create a lambda expression that multiplies two numbers and stores it in a variable named kali. Write a function hasil_perkalian() that uses the lambda expression to multiply 7 and 8, then returns the result.";"Given the list angka = [1, 2, 3, 4, 5], use a list comprehension to create a new list containing only the squares of the even numbers. Write a function kuadrat_genap() that returns the new list.";NULL;3;"String Expressions";"Write a function `format_expressions(name, age, score)` that uses f-string Expressions to return a formatted string. The score should be formatted to exactly 2 decimal places. The expected format is: 'Name: <name>, Age: <age>, Score: <score>'.";failed;"passed";NULL;NULL;"failed";"Classification mismatch: expected 'Medium' (level intermediate), got 'easy'";"The exercise requires only basic knowledge of Python f-strings and float formatting (specifically using the `:.2f` specifier). It can be solved in a single line of code, making it a quick and straightforward task for beginners learning string manipulation."
"Expressions-Medium-2-shot-1783873528773";"qwen/qwen3.7-plus";"Expressions";"Medium";"2-shot";"Create a lambda expression that multiplies two numbers and stores it in a variable named kali. Write a function hasil_perkalian() that uses the lambda expression to multiply 7 and 8, then returns the result.";"Given the list angka = [1, 2, 3, 4, 5], use a list comprehension to create a new list containing only the squares of the even numbers. Write a function kuadrat_genap() that returns the new list.";NULL;4;"Arithmetic Expressions";"Write a function `solve_expressions(x, y)` that evaluates and returns a tuple of three arithmetic Expressions: the sum of their squares `(x**2 + y**2)`, the square of their sum `((x + y)**2)`, and the absolute difference `abs(x - y)`.";failed;"passed";NULL;NULL;"failed";"Classification mismatch: expected 'Medium' (level intermediate), got 'easy'";"The exercise only requires implementing basic arithmetic operations and returning a tuple. Since the exact mathematical formulas are explicitly provided in the problem description, it is a straightforward translation into a single line of code that most students will complete almost immediately."
"Expressions-Medium-2-shot-1783873528773";"qwen/qwen3.7-plus";"Expressions";"Medium";"2-shot";"Create a lambda expression that multiplies two numbers and stores it in a variable named kali. Write a function hasil_perkalian() that uses the lambda expression to multiply 7 and 8, then returns the result.";"Given the list angka = [1, 2, 3, 4, 5], use a list comprehension to create a new list containing only the squares of the even numbers. Write a function kuadrat_genap() that returns the new list.";NULL;5;"Dictionary Expressions";"Write a function `merge_expressions(dict1, dict2)` that uses dictionary unpacking and comprehension Expressions to merge two dictionaries. If a key exists in both dictionaries, the final value should be the sum of their values. Assume all values are integers.";passed;"passed";NULL;NULL;"passed";NULL;NULL
"Input/Output-Medium-2-shot-1783873815480";"qwen/qwen3.7-plus";"Input/Output";"Medium";"2-shot";"Write a function baca_catatan(filename) that opens a text file using a context manager, reads each line, removes trailing newline characters, and returns the lines as a list of strings.";"Write a function tulis_catatan(filename) that creates or overwrites a text file using a context manager. The function should write two lines: 'Baris Pertama' and 'Baris Kedua'. Return True after successfully writing the file.";NULL;1;"Count Word Occurrences";"Write a function count_word_in_file(filename, word) that reads a text file and returns the number of times 'word' appears. The search should be case-insensitive and count whole words only.";passed;"passed";NULL;NULL;"passed";NULL;NULL
"Input/Output-Medium-2-shot-1783873815480";"qwen/qwen3.7-plus";"Input/Output";"Medium";"2-shot";"Write a function baca_catatan(filename) that opens a text file using a context manager, reads each line, removes trailing newline characters, and returns the lines as a list of strings.";"Write a function tulis_catatan(filename) that creates or overwrites a text file using a context manager. The function should write two lines: 'Baris Pertama' and 'Baris Kedua'. Return True after successfully writing the file.";NULL;2;"Merge Two Text Files";"Write a function merge_files(file1, file2, output_file) that reads the contents of file1 and file2, and writes them into output_file, each original line on its own line. Return the total number of lines written.";failed;"passed";NULL;NULL;"failed";"Classification mismatch: expected 'Medium' (level intermediate), got 'easy'";"This exercise requires basic file I/O operations (reading from two files and writing to a third) and a simple counter to track the number of lines. Most students will solve the problem quickly with a few lines of code, as it does not involve complex algorithms, advanced data structures, or tricky edge cases."
"Input/Output-Medium-2-shot-1783873815480";"qwen/qwen3.7-plus";"Input/Output";"Medium";"2-shot";"Write a function baca_catatan(filename) that opens a text file using a context manager, reads each line, removes trailing newline characters, and returns the lines as a list of strings.";"Write a function tulis_catatan(filename) that creates or overwrites a text file using a context manager. The function should write two lines: 'Baris Pertama' and 'Baris Kedua'. Return True after successfully writing the file.";NULL;3;"Filter and Write Odd Numbers";"Write a function filter_odd_numbers(input_file, output_file) that reads integers from input_file (one per line), filters out the even numbers, and writes only the odd numbers to output_file (one per line). Return the number of odd numbers written.";failed;"passed";NULL;NULL;"failed";"Classification mismatch: expected 'Medium' (level intermediate), got 'easy'";"The problem only requires basic Python concepts such as file I/O, loops, and simple conditional logic (using the modulo operator to check for odd numbers). It can be solved with just a few lines of straightforward code, and most students who have learned basic file operations will be able to complete it quickly."
"Input/Output-Medium-2-shot-1783873815480";"qwen/qwen3.7-plus";"Input/Output";"Medium";"2-shot";"Write a function baca_catatan(filename) that opens a text file using a context manager, reads each line, removes trailing newline characters, and returns the lines as a list of strings.";"Write a function tulis_catatan(filename) that creates or overwrites a text file using a context manager. The function should write two lines: 'Baris Pertama' and 'Baris Kedua'. Return True after successfully writing the file.";NULL;4;"Parse Simple CSV";"Write a function parse_csv(filename) that reads a simple CSV file where the first line contains headers and subsequent lines contain values. Return a list of dictionaries mapping headers to values.";failed;"passed";NULL;NULL;"failed";"Classification mismatch: expected 'Medium' (level intermediate), got 'easy'";"The problem requires only basic file I/O, string splitting, and dictionary/list manipulation. It can be solved in just a few lines of code using simple loops and the `zip()` function, or even more concisely with Python's built-in `csv.DictReader`. Most students with introductory Python knowledge will be able to understand and write the solution quickly."
"Input/Output-Medium-2-shot-1783873815480";"qwen/qwen3.7-plus";"Input/Output";"Medium";"2-shot";"Write a function baca_catatan(filename) that opens a text file using a context manager, reads each line, removes trailing newline characters, and returns the lines as a list of strings.";"Write a function tulis_catatan(filename) that creates or overwrites a text file using a context manager. The function should write two lines: 'Baris Pertama' and 'Baris Kedua'. Return True after successfully writing the file.";NULL;5;"Find and Replace in File";"Write a function find_and_replace(input_file, output_file, target, replacement) that reads input_file, replaces all occurrences of target with replacement, and writes the result to output_file. Return the total number of replacements made.";failed;"passed";NULL;NULL;"failed";"Classification mismatch: expected 'Medium' (level intermediate), got 'easy'";"This problem only requires basic file I/O and simple string manipulation. Students can solve it quickly in just a few lines of code using built-in Python string methods like `.count()` and `.replace()`."
"Loop-Medium-2-shot-1783874569132";"qwen/qwen3.7-plus";"Loop";"Medium";"2-shot";"A volcano erupts alternately every x years and y years (x < y). Given n total years, count how many times the volcano erupts. The first eruption is after x years, the second after y more years, the third after x more years, and so on.";"Given an integer n, return the sum of the first n positive even numbers. For example, if n=5, the first 5 even numbers are 2, 4, 6, 8, 10 and their sum is 30.";NULL;1;"Collatz Conjecture Steps";"Given a positive integer n, use a loop to calculate the number of steps it takes to reach 1 using the Collatz conjecture. If n is even, divide it by 2. If n is odd, multiply it by 3 and add 1. Return the total number of steps.";failed;"passed";NULL;NULL;"failed";"Classification mismatch: expected 'Medium' (level intermediate), got 'easy'";"The exercise only requires basic control flow structures, such as a while loop and if/else statements, along with simple arithmetic operations. It can be solved quickly with just a few lines of code, making it a standard introductory problem for beginners learning about loops and conditionals."
"Loop-Medium-2-shot-1783874569132";"qwen/qwen3.7-plus";"Loop";"Medium";"2-shot";"A volcano erupts alternately every x years and y years (x < y). Given n total years, count how many times the volcano erupts. The first eruption is after x years, the second after y more years, the third after x more years, and so on.";"Given an integer n, return the sum of the first n positive even numbers. For example, if n=5, the first 5 even numbers are 2, 4, 6, 8, 10 and their sum is 30.";NULL;2;"Run Length Encoding";"Given a string s, use a loop to compress it using Run-Length Encoding. Replace consecutive identical characters with the character followed by its count. For example, 'aaabbc' becomes 'a3b2c1'.";failed;"passed";NULL;NULL;"failed";"Classification mismatch: expected 'Medium' (level intermediate), got 'easy'";"The problem requires basic string manipulation and a single loop to track consecutive characters. It can be solved with just a few lines of code and does not require complex data structures or advanced algorithms. Most students will be able to grasp the logic and implement the solution quickly."
"Loop-Medium-2-shot-1783874569132";"qwen/qwen3.7-plus";"Loop";"Medium";"2-shot";"A volcano erupts alternately every x years and y years (x < y). Given n total years, count how many times the volcano erupts. The first eruption is after x years, the second after y more years, the third after x more years, and so on.";"Given an integer n, return the sum of the first n positive even numbers. For example, if n=5, the first 5 even numbers are 2, 4, 6, 8, 10 and their sum is 30.";NULL;3;"Rotate Matrix 90 Degrees Clockwise";"Given an n x n 2D list (matrix) of integers, use nested loops to rotate the matrix 90 degrees clockwise in-place. Return the modified matrix.";passed;"passed";NULL;NULL;"passed";NULL;NULL
"Loop-Medium-2-shot-1783874569132";"qwen/qwen3.7-plus";"Loop";"Medium";"2-shot";"A volcano erupts alternately every x years and y years (x < y). Given n total years, count how many times the volcano erupts. The first eruption is after x years, the second after y more years, the third after x more years, and so on.";"Given an integer n, return the sum of the first n positive even numbers. For example, if n=5, the first 5 even numbers are 2, 4, 6, 8, 10 and their sum is 30.";NULL;4;"Calculate Digital Root";"The digital root of a number is the single-digit value obtained by an iterative process of summing the digits of the number, until a single-digit number is reached. Use loops to find the digital root of a given non-negative integer n.";failed;"passed";NULL;NULL;"failed";"Classification mismatch: expected 'Medium' (level intermediate), got 'easy'";"The exercise requires only basic control flow (a while loop) and simple arithmetic or string manipulation to sum the digits of a number. It can be solved in just a few lines of code and is a standard introductory problem that most students can implement quickly once they understand basic loops."
"Loop-Medium-2-shot-1783874569132";"qwen/qwen3.7-plus";"Loop";"Medium";"2-shot";"A volcano erupts alternately every x years and y years (x < y). Given n total years, count how many times the volcano erupts. The first eruption is after x years, the second after y more years, the third after x more years, and so on.";"Given an integer n, return the sum of the first n positive even numbers. For example, if n=5, the first 5 even numbers are 2, 4, 6, 8, 10 and their sum is 30.";NULL;5;"Missing Number in Arithmetic Progression";"Given a list of integers that form an arithmetic progression with exactly one missing number, use loops to find and return the missing number. The list will have at least 3 elements, and the progression will not be constant (difference > 0).";failed;"passed";NULL;NULL;"failed";"Classification mismatch: expected 'Medium' (level intermediate), got 'easy'";"This exercise requires only basic arithmetic to determine the common difference and a simple loop to iterate through the list and find the gap. It can be solved quickly with just a few lines of fundamental code, making it a straightforward problem for students learning basic loops and list indexing."
"Operators-Medium-2-shot-1783874928458";"qwen/qwen3.7-plus";"Operators";"Medium";"2-shot";"Python evaluates operators based on precedence rules. Write a function operator_precedence() that calculates the values of the expressions -2 ** 4 and (-2) ** 4, then returns both results as a tuple.";"Create two separate lists: list_x = [1, 2, 3] and list_y = [1, 2, 3]. Write a function cek_list() that returns a tuple containing the results of list_x == list_y and list_x is list_y.";NULL;1;"Bitwise Operators Application";"Bitwise operators manipulate individual bits of integers. Write a function bitwise_operators(a, b) that takes two integers and returns a tuple containing the results of the bitwise AND, OR, and XOR operators applied to a and b, in that order.";failed;"passed";NULL;NULL;"failed";"Classification mismatch: expected 'Medium' (level intermediate), got 'easy'";"The exercise requires only basic knowledge of Python's bitwise operators (&, |, ^) and tuple creation. It involves no complex logic, loops, or advanced data structures, and can be solved in a single line of code. Most students will be able to solve this problem quickly with minimal effort."
"Operators-Medium-2-shot-1783874928458";"qwen/qwen3.7-plus";"Operators";"Medium";"2-shot";"Python evaluates operators based on precedence rules. Write a function operator_precedence() that calculates the values of the expressions -2 ** 4 and (-2) ** 4, then returns both results as a tuple.";"Create two separate lists: list_x = [1, 2, 3] and list_y = [1, 2, 3]. Write a function cek_list() that returns a tuple containing the results of list_x == list_y and list_x is list_y.";NULL;2;"Sorting with Operator Module";"The built-in operator module provides efficient functions for common tasks. Write a function sort_by_second(tuples_list) that takes a list of tuples and returns a new list sorted by the second element of each tuple. You must use operator.itemgetter to achieve this.";failed;"passed";NULL;NULL;"failed";"Classification mismatch: expected 'Medium' (level intermediate), got 'easy'";"The exercise requires only a single line of code to implement. It tests basic knowledge of the built-in `sorted()` function and the `operator.itemgetter` method, which most students will be able to figure out and write very quickly."
"Operators-Medium-2-shot-1783874928458";"qwen/qwen3.7-plus";"Operators";"Medium";"2-shot";"Python evaluates operators based on precedence rules. Write a function operator_precedence() that calculates the values of the expressions -2 ** 4 and (-2) ** 4, then returns both results as a tuple.";"Create two separate lists: list_x = [1, 2, 3] and list_y = [1, 2, 3]. Write a function cek_list() that returns a tuple containing the results of list_x == list_y and list_x is list_y.";NULL;3;"Arithmetic Operators Precedence";"Understanding operator precedence is crucial for correct calculations. Write a function precedence_test(a, b, c) that evaluates the expression a + b * c ** 2 // 4 and returns the result. Do not add any extra parentheses.";failed;"passed";NULL;NULL;"failed";"Classification mismatch: expected 'Medium' (level intermediate), got 'easy'";"The exercise requires writing only a single line of code to evaluate and return a given mathematical expression. It tests fundamental beginner concepts such as basic arithmetic operators and function returns. Most students will be able to solve this quickly with minimal effort."
"Operators-Medium-2-shot-1783874928458";"qwen/qwen3.7-plus";"Operators";"Medium";"2-shot";"Python evaluates operators based on precedence rules. Write a function operator_precedence() that calculates the values of the expressions -2 ** 4 and (-2) ** 4, then returns both results as a tuple.";"Create two separate lists: list_x = [1, 2, 3] and list_y = [1, 2, 3]. Write a function cek_list() that returns a tuple containing the results of list_x == list_y and list_x is list_y.";NULL;4;"Chained Comparison Operators";"Python allows chaining comparison operators for more readable code. Write a function is_in_bounds(value, min_val, max_val) that uses a single chained comparison expression to return True if value is greater than or equal to min_val and less than or equal to max_val, and False otherwise.";failed;"passed";NULL;NULL;"failed";"Classification mismatch: expected 'Medium' (level intermediate), got 'easy'";"The exercise focuses on a single, basic Python syntax feature (chained comparisons). The solution requires only one line of code (e.g., `return min_val <= value <= max_val`) and does not involve any complex logic, loops, or advanced data structures, making it a very quick and straightforward task for beginners."
"Operators-Medium-2-shot-1783874928458";"qwen/qwen3.7-plus";"Operators";"Medium";"2-shot";"Python evaluates operators based on precedence rules. Write a function operator_precedence() that calculates the values of the expressions -2 ** 4 and (-2) ** 4, then returns both results as a tuple.";"Create two separate lists: list_x = [1, 2, 3] and list_y = [1, 2, 3]. Write a function cek_list() that returns a tuple containing the results of list_x == list_y and list_x is list_y.";NULL;5;"Logical Operators Short-Circuiting";"Logical operators can be used for concise default assignments. Write a function get_valid_input(user_input, fallback) that uses the logical 'or' operator to return user_input if it is truthy, otherwise it returns fallback.";failed;"passed";NULL;NULL;"failed";"Classification mismatch: expected 'Medium' (level intermediate), got 'easy'";"This exercise requires only a single line of code to solve (`return user_input or fallback`). It tests a fundamental understanding of Python's logical `or` operator and truthy/falsy evaluation, which is a basic concept that most students will learn and implement very quickly."
"Variables-Medium-2-shot-1783875248990";"qwen/qwen3.7-plus";"Variables";"Medium";"2-shot";"Create list_A = [1, 2, 3]. Create list_B as a true copy of list_A (not just another reference). Append the value 4 to list_B. Write a function salin_list() that returns both lists as a tuple (list_A, list_B).";"Create a global variable saldo with the value 50000. Write a function tambah_saldo(jumlah) that uses the global keyword to add jumlah to saldo and returns the updated saldo.";NULL;1;"Conditional Swap and Accumulate";"Write a function swap_and_track(a, b, history) that takes two integers a and b, and a list history. If a is greater than b, swap their values. Append the final values of a and b to history as a tuple (a, b). Return the updated a, b, and history.";failed;"passed";NULL;NULL;"failed";"Classification mismatch: expected 'Medium' (level intermediate), got 'easy'";"The problem only requires basic Python concepts such as conditional statements, variable swapping, list appending, and returning multiple values. It can be solved quickly in just a few lines of code, making it highly accessible for beginners learning fundamental syntax and control flow."
"Variables-Medium-2-shot-1783875248990";"qwen/qwen3.7-plus";"Variables";"Medium";"2-shot";"Create list_A = [1, 2, 3]. Create list_B as a true copy of list_A (not just another reference). Append the value 4 to list_B. Write a function salin_list() that returns both lists as a tuple (list_A, list_B).";"Create a global variable saldo with the value 50000. Write a function tambah_saldo(jumlah) that uses the global keyword to add jumlah to saldo and returns the updated saldo.";NULL;2;"Mutable and Immutable Variable Updates";"Write a function update_variables(my_tuple, my_list, new_val) that takes a tuple, a list, and a new value. Since tuples are immutable, create a new variable updated_tuple that concatenates my_tuple and a tuple containing new_val. Since lists are mutable, append new_val directly to my_list. Return updated_tuple and my_list.";failed;"passed";NULL;NULL;"failed";"Classification mismatch: expected 'Medium' (level intermediate), got 'easy'";"This exercise requires only basic knowledge of Python's built-in data types, specifically how to concatenate a tuple and how to use the append method for a list. It can be solved in just three simple lines of code, making it a quick and straightforward task for beginners learning about mutability."
"Variables-Medium-2-shot-1783875248990";"qwen/qwen3.7-plus";"Variables";"Medium";"2-shot";"Create list_A = [1, 2, 3]. Create list_B as a true copy of list_A (not just another reference). Append the value 4 to list_B. Write a function salin_list() that returns both lists as a tuple (list_A, list_B).";"Create a global variable saldo with the value 50000. Write a function tambah_saldo(jumlah) that uses the global keyword to add jumlah to saldo and returns the updated saldo.";NULL;3;"Starred Variable Unpacking";"Write a function analyze_numbers(numbers) that takes a list of integers. Use starred variable unpacking to assign the first element to first, the last element to last, and all elements in between to a list called middle. Return a dictionary with keys 'first', 'last', 'middle_sum', and 'total_sum'.";failed;"passed";NULL;NULL;"failed";"Classification mismatch: expected 'Medium' (level intermediate), got 'easy'";"The problem requires only a few lines of code and explicitly tells the student which Python feature to use (starred variable unpacking). Once the student applies the `first, *middle, last = numbers` syntax, the rest of the task simply involves basic dictionary creation and using the built-in `sum()` function, making it a quick and straightforward solve for most students."
"Variables-Medium-2-shot-1783875248990";"qwen/qwen3.7-plus";"Variables";"Medium";"2-shot";"Create list_A = [1, 2, 3]. Create list_B as a true copy of list_A (not just another reference). Append the value 4 to list_B. Write a function salin_list() that returns both lists as a tuple (list_A, list_B).";"Create a global variable saldo with the value 50000. Write a function tambah_saldo(jumlah) that uses the global keyword to add jumlah to saldo and returns the updated saldo.";NULL;4;"Dynamic Type Reassignment";"Write a function cast_and_check(value_str) that takes a string representation of a number. Attempt to reassign the variable parsed_val as an integer. If that fails (ValueError), reassign it as a float. Return a tuple containing the parsed_val and its type name as a string (e.g., 'int' or 'float').";passed;"passed";NULL;NULL;"passed";NULL;NULL
"Variables-Medium-2-shot-1783875248990";"qwen/qwen3.7-plus";"Variables";"Medium";"2-shot";"Create list_A = [1, 2, 3]. Create list_B as a true copy of list_A (not just another reference). Append the value 4 to list_B. Write a function salin_list() that returns both lists as a tuple (list_A, list_B).";"Create a global variable saldo with the value 50000. Write a function tambah_saldo(jumlah) that uses the global keyword to add jumlah to saldo and returns the updated saldo.";NULL;5;"Circular Variable Shift";"Write a function circular_shift(x, y, z) that takes three variables. Use simultaneous assignment to shift their values in a circle: the original value of x goes to y, y goes to z, and z goes to x. Return the new values of x, y, and z as a tuple.";failed;"passed";NULL;NULL;"failed";"Classification mismatch: expected 'Medium' (level intermediate), got 'easy'";"The exercise requires only a basic understanding of Python's simultaneous assignment (tuple unpacking) and returning a tuple. It can be solved in just one or two lines of code (e.g., `return z, x, y`), allowing most students to understand and solve the problem very quickly."
"Conditionals-Hard-2-shot-1783875615186";"qwen/qwen3.7-plus";"Conditionals";"Hard";"2-shot";"Create a calculator using dictionary dispatch instead of if-elif. Supported operations: 'tambah', 'kurang', 'kali', 'bagi'. Write a function hitung(operasi, a, b) that executes the correct operation using a dictionary of lambda functions. If the operation is invalid, return 'Operasi tidak valid'.";"Write a function analisis_koordinat(data) that uses Python structural pattern matching (match-case). If data is a tuple (x, y) and x == y, return 'Garis Diagonal'. If data is a tuple (0, y), return 'Berada di Sumbu Y'. If data is a dictionary with key 'tipe' == '3D' and contains keys 'x', 'y', and 'z', return 'Titik 3 Dimensi'. Otherwise return 'Data Tidak Dikenali'.";NULL;1;"Advanced Date Validator";"Write a function is_valid_date(day, month, year) that checks if a date is valid using complex nested conditionals. A leap year is divisible by 4, except for centuries unless they are divisible by 400. Months have 28/29, 30, or 31 days. Return True if the date is valid, False otherwise.";failed;"passed";NULL;NULL;"failed";"Classification mismatch: expected 'Hard' (level hard), got 'intermediate'";"The problem requires implementing specific logical rules for leap years and varying days per month, which involves nested conditionals and careful edge-case handling. While it does not require advanced algorithms or complex data structures (which would make it hard), it requires significantly more code, logical planning, and time than basic easy exercises, making it a classic intermediate control-flow problem."
"Conditionals-Hard-2-shot-1783875615186";"qwen/qwen3.7-plus";"Conditionals";"Hard";"2-shot";"Create a calculator using dictionary dispatch instead of if-elif. Supported operations: 'tambah', 'kurang', 'kali', 'bagi'. Write a function hitung(operasi, a, b) that executes the correct operation using a dictionary of lambda functions. If the operation is invalid, return 'Operasi tidak valid'.";"Write a function analisis_koordinat(data) that uses Python structural pattern matching (match-case). If data is a tuple (x, y) and x == y, return 'Garis Diagonal'. If data is a tuple (0, y), return 'Berada di Sumbu Y'. If data is a dictionary with key 'tipe' == '3D' and contains keys 'x', 'y', and 'z', return 'Titik 3 Dimensi'. Otherwise return 'Data Tidak Dikenali'.";NULL;2;"HTTP Status Classifier";"Write a function classify_status(status_code) using Python's structural pattern matching (match-case). If status_code is an integer in the 100s, return 'Informational'. 200s return 'Success', 300s 'Redirection', 400s 'Client Error', 500s 'Server Error'. If status_code is a string like '404 Not Found', extract the integer and classify it. Return 'Unknown' for anything else.";failed;"passed";NULL;NULL;"failed";"Classification mismatch: expected 'Hard' (level hard), got 'intermediate'";"The exercise requires understanding and applying Python's structural pattern matching (`match-case`), which involves more advanced syntax than basic `if-else` statements. Additionally, it requires handling multiple input types (integers and strings) and performing string manipulation to extract the numeric status code from a string (e.g., splitting '404 Not Found' and converting it to an integer). Combining type checking, string parsing, and pattern matching requires more lines of code and logical steps than a simple easy problem, but it does not involve the complex algorithms or deep edge-case handling typical of a hard problem."
"Conditionals-Hard-2-shot-1783875615186";"qwen/qwen3.7-plus";"Conditionals";"Hard";"2-shot";"Create a calculator using dictionary dispatch instead of if-elif. Supported operations: 'tambah', 'kurang', 'kali', 'bagi'. Write a function hitung(operasi, a, b) that executes the correct operation using a dictionary of lambda functions. If the operation is invalid, return 'Operasi tidak valid'.";"Write a function analisis_koordinat(data) that uses Python structural pattern matching (match-case). If data is a tuple (x, y) and x == y, return 'Garis Diagonal'. If data is a tuple (0, y), return 'Berada di Sumbu Y'. If data is a dictionary with key 'tipe' == '3D' and contains keys 'x', 'y', and 'z', return 'Titik 3 Dimensi'. Otherwise return 'Data Tidak Dikenali'.";NULL;3;"Multi-Factor Access Control";"Write a function grant_access(user_role, has_mfa, is_ip_whitelisted, time_of_day) using complex boolean logic and conditionals. Rules: 'admin' always gets access. 'user' gets access if they have MFA AND (are whitelisted OR time_of_day is between 9 and 17 inclusive). 'guest' gets access ONLY if whitelisted AND time_of_day is between 9 and 17 inclusive. Any other role gets no access. Return True or False.";failed;"passed";NULL;NULL;"failed";"Classification mismatch: expected 'Hard' (level hard), got 'easy'";"The exercise requires only basic conditional statements (if/elif/else) and boolean operators (and/or). The rules are explicitly laid out in the problem description, so the student simply needs to translate the English logic directly into Python. It can be solved quickly with just a few lines of code and does not require any complex algorithms or data structures."
"Conditionals-Hard-2-shot-1783875615186";"qwen/qwen3.7-plus";"Conditionals";"Hard";"2-shot";"Create a calculator using dictionary dispatch instead of if-elif. Supported operations: 'tambah', 'kurang', 'kali', 'bagi'. Write a function hitung(operasi, a, b) that executes the correct operation using a dictionary of lambda functions. If the operation is invalid, return 'Operasi tidak valid'.";"Write a function analisis_koordinat(data) that uses Python structural pattern matching (match-case). If data is a tuple (x, y) and x == y, return 'Garis Diagonal'. If data is a tuple (0, y), return 'Berada di Sumbu Y'. If data is a dictionary with key 'tipe' == '3D' and contains keys 'x', 'y', and 'z', return 'Titik 3 Dimensi'. Otherwise return 'Data Tidak Dikenali'.";NULL;4;"Conditional String Formatter";"Write a function format_data(value, data_type) using nested ternary operators (inline if-else) and short-circuit evaluation. If data_type is 'int', return the integer conversion of value, or 0 if it is not a valid integer string. If data_type is 'bool', return True if value is exactly 'yes' or '1', else False. If data_type is 'str', return value stripped of whitespace, or 'empty' if the stripped value is falsy. Do not use standard if/elif/else blocks; use nested ternary expressions.";failed;"passed";NULL;NULL;"failed";"Classification mismatch: expected 'Hard' (level hard), got 'intermediate'";"The underlying logic for the data conversions and string manipulations is relatively straightforward. However, the strict constraint to avoid standard `if/elif/else` blocks and instead use nested ternary operators and short-circuit evaluation (e.g., using `and`/`or` for safe type conversion) significantly increases the cognitive load. Students must have a strong grasp of Python's expression syntax, operator precedence, and how to safely handle errors (like invalid integer parsing) within a single expression. This requires more time and careful structuring than a basic control-flow problem, fitting the intermediate level, but it does not involve the complex algorithms or deep logic required for a hard problem."
"Conditionals-Hard-2-shot-1783875615186";"qwen/qwen3.7-plus";"Conditionals";"Hard";"2-shot";"Create a calculator using dictionary dispatch instead of if-elif. Supported operations: 'tambah', 'kurang', 'kali', 'bagi'. Write a function hitung(operasi, a, b) that executes the correct operation using a dictionary of lambda functions. If the operation is invalid, return 'Operasi tidak valid'.";"Write a function analisis_koordinat(data) that uses Python structural pattern matching (match-case). If data is a tuple (x, y) and x == y, return 'Garis Diagonal'. If data is a tuple (0, y), return 'Berada di Sumbu Y'. If data is a dictionary with key 'tipe' == '3D' and contains keys 'x', 'y', and 'z', return 'Titik 3 Dimensi'. Otherwise return 'Data Tidak Dikenali'.";NULL;5;"Inventory Restock Matcher";"Write a function check_restock(item) using structural pattern matching with guards. The item is a dictionary. If 'category' is 'electronics' and 'stock' is less than 10, return 'Urgent'. If 'category' is 'electronics' and 'stock' is less than 50, return 'Normal'. If 'category' is 'food' and 'expiry_days' is less than 7, return 'Urgent'. If 'category' is 'food' and 'expiry_days' is less than 30, return 'Normal'. For all other cases, return 'None'.";failed;"passed";NULL;NULL;"failed";"Classification mismatch: expected 'Hard' (level hard), got 'intermediate'";"While the logical conditions are simple and the final code is concise, the exercise specifically requires the use of structural pattern matching (`match`/`case`) with guards. This is a more advanced Python feature (introduced in Python 3.10) that goes beyond basic `if/elif/else` control flow. Students must understand how to use mapping patterns to extract dictionary values and apply conditional guards within the cases, which elevates the conceptual difficulty to the intermediate level."
"Constants-Hard-2-shot-1783876018973";"qwen/qwen3.7-plus";"Constants";"Hard";"2-shot";"Use MappingProxyType from the types module to wrap the dictionary {'API_KEY':'12345ABC','PORT':8080} into APP_CONFIG. Create a function that attempts to change PORT to 9000. Catch the exception and return 'Akses ditolak: Konfigurasi bersifat read-only' if modification fails.";"Create a class named KonstantaFisika. Initialize KECEPATAN_CAHAYA = 299792458 inside __init__. Override __setattr__ so that after initialization, any attempt to modify an attribute raises TypeError('Konstanta tidak dapat diubah!').";NULL;1;"ConstantClass Metaclass";"Create a metaclass `ConstantMeta` that makes all class attributes of any class using it immutable after the class is created. Attempting to reassign any existing attribute should raise `AttributeError('Cannot modify class constants')`.";passed;"passed";NULL;NULL;"passed";NULL;NULL
"Constants-Hard-2-shot-1783876018973";"qwen/qwen3.7-plus";"Constants";"Hard";"2-shot";"Use MappingProxyType from the types module to wrap the dictionary {'API_KEY':'12345ABC','PORT':8080} into APP_CONFIG. Create a function that attempts to change PORT to 9000. Catch the exception and return 'Akses ditolak: Konfigurasi bersifat read-only' if modification fails.";"Create a class named KonstantaFisika. Initialize KECEPATAN_CAHAYA = 299792458 inside __init__. Override __setattr__ so that after initialization, any attempt to modify an attribute raises TypeError('Konstanta tidak dapat diubah!').";NULL;2;"SingleAssignment Descriptor";"Implement a descriptor class `Constant` that allows an attribute to be set exactly once. Subsequent attempts to modify the attribute should raise `AttributeError('Constants cannot be reassigned')`.";failed;"passed";NULL;NULL;"failed";"Classification mismatch: expected 'Hard' (level hard), got 'intermediate'";"This exercise requires an understanding of Python's descriptor protocol (`__get__`, `__set__`, `__set_name__`), which is an intermediate topic. Although the required code is relatively short and the stubs provide a strong hint, students must correctly manage instance-level state (e.g., storing the value in the object's `__dict__` using the attribute name captured in `__set_name__`). A common pitfall is accidentally storing the value on the descriptor instance itself, which would incorrectly make it a class-level attribute. This conceptual hurdle makes it intermediate, as it goes beyond basic object-oriented programming but does not require the extensive logic or complex edge cases of a hard problem."
"Constants-Hard-2-shot-1783876018973";"qwen/qwen3.7-plus";"Constants";"Hard";"2-shot";"Use MappingProxyType from the types module to wrap the dictionary {'API_KEY':'12345ABC','PORT':8080} into APP_CONFIG. Create a function that attempts to change PORT to 9000. Catch the exception and return 'Akses ditolak: Konfigurasi bersifat read-only' if modification fails.";"Create a class named KonstantaFisika. Initialize KECEPATAN_CAHAYA = 299792458 inside __init__. Override __setattr__ so that after initialization, any attempt to modify an attribute raises TypeError('Konstanta tidak dapat diubah!').";NULL;3;"Deeply Frozen Constants";"Write a function `freeze_constants(d)` that takes a nested dictionary of configuration constants and returns a deeply immutable mapping. Any attempt to modify the returned object or any of its nested dictionaries should raise `TypeError`.";failed;"passed";NULL;NULL;"failed";"Classification mismatch: expected 'Hard' (level hard), got 'intermediate'";"The exercise requires writing a recursive function to traverse a nested dictionary and apply `MappingProxyType` to each nested dictionary to ensure deep immutability. While it relies on a specific built-in tool provided in the stub, implementing the recursive traversal and correctly handling nested structures goes beyond a simple one-liner (easy) but does not require complex algorithmic logic or advanced custom class implementations (hard)."
"Constants-Hard-2-shot-1783876018973";"qwen/qwen3.7-plus";"Constants";"Hard";"2-shot";"Use MappingProxyType from the types module to wrap the dictionary {'API_KEY':'12345ABC','PORT':8080} into APP_CONFIG. Create a function that attempts to change PORT to 9000. Catch the exception and return 'Akses ditolak: Konfigurasi bersifat read-only' if modification fails.";"Create a class named KonstantaFisika. Initialize KECEPATAN_CAHAYA = 299792458 inside __init__. Override __setattr__ so that after initialization, any attempt to modify an attribute raises TypeError('Konstanta tidak dapat diubah!').";NULL;4;"Constants Registry";"Create a base class `ConstantsRegistry` that automatically registers any subclass's uppercase attributes into a global dictionary `_REGISTRY`. If a subclass defines a constant (uppercase attribute) that already exists in the registry with a different value, raise `ValueError('Duplicate constant definition')`.";passed;"passed";NULL;NULL;"passed";NULL;NULL
"Constants-Hard-2-shot-1783876018973";"qwen/qwen3.7-plus";"Constants";"Hard";"2-shot";"Use MappingProxyType from the types module to wrap the dictionary {'API_KEY':'12345ABC','PORT':8080} into APP_CONFIG. Create a function that attempts to change PORT to 9000. Catch the exception and return 'Akses ditolak: Konfigurasi bersifat read-only' if modification fails.";"Create a class named KonstantaFisika. Initialize KECEPATAN_CAHAYA = 299792458 inside __init__. Override __setattr__ so that after initialization, any attempt to modify an attribute raises TypeError('Konstanta tidak dapat diubah!').";NULL;5;"Read-Only Constants Namespace";"Implement a class `ConstantsNamespace` that takes a dictionary of constants in its constructor. It should allow read access to these constants via attribute access. However, attempting to set or delete any attribute should raise `AttributeError('Cannot modify constants namespace')`.";failed;"passed";NULL;NULL;"failed";"Classification mismatch: expected 'Hard' (level hard), got 'intermediate'";"This exercise requires a solid understanding of Python's magic methods (dunder methods) for attribute access, specifically `__getattr__`, `__setattr__`, and `__delattr__`. The main challenge is that overriding `__setattr__` will block normal attribute assignment inside the `__init__` method. Students must figure out how to bypass the custom `__setattr__` (e.g., by using `super().__setattr__` or directly modifying `self.__dict__`) to store the initial dictionary. While the overall code is relatively short, this specific knowledge of the Python data model and the initialization ""gotcha"" makes it an intermediate problem."
"Expressions-Hard-2-shot-1783876328078";"qwen/qwen3.7-plus";"Expressions";"Hard";"2-shot";"Given the string ekspresi_str = '{""a"": 1, ""b"": 2}', use ast.literal_eval() to safely evaluate the string into a Python dictionary. Write a function evaluasi_literal() that returns the resulting dictionary.";"Create a generator expression that generates the squares of numbers from 1 to 1,000,000. Write a function tiga_pertama() that returns the first three generated values as a tuple using next().";NULL;1;"AST Expression Transformer";"Write a function `transform_expressions(expr_str: str) -> str` that takes a valid Python mathematical expression string. Using the `ast` module, parse the expression, traverse the Abstract Syntax Tree (AST), and replace all addition (`ast.Add`) operations with multiplication (`ast.Mult`). Return the modified expression as a string using `ast.unparse()`.";passed;"passed";NULL;NULL;"passed";NULL;NULL
"Expressions-Hard-2-shot-1783876328078";"qwen/qwen3.7-plus";"Expressions";"Hard";"2-shot";"Given the string ekspresi_str = '{""a"": 1, ""b"": 2}', use ast.literal_eval() to safely evaluate the string into a Python dictionary. Write a function evaluasi_literal() that returns the resulting dictionary.";"Create a generator expression that generates the squares of numbers from 1 to 1,000,000. Write a function tiga_pertama() that returns the first three generated values as a tuple using next().";NULL;2;"Infix Expression Evaluator";"Write a function `evaluate_expression(expression: str) -> float` that evaluates a mathematical expression string containing non-negative integers, `+`, `-`, `*`, `/`, and parentheses `()`. Implement the Shunting Yard algorithm to convert the infix expression to Reverse Polish Notation (RPN) and then evaluate it. Handle operator precedence and associativity correctly. Division should be float division.";passed;"passed";NULL;NULL;"passed";NULL;NULL
"Expressions-Hard-2-shot-1783876328078";"qwen/qwen3.7-plus";"Expressions";"Hard";"2-shot";"Given the string ekspresi_str = '{""a"": 1, ""b"": 2}', use ast.literal_eval() to safely evaluate the string into a Python dictionary. Write a function evaluasi_literal() that returns the resulting dictionary.";"Create a generator expression that generates the squares of numbers from 1 to 1,000,000. Write a function tiga_pertama() that returns the first three generated values as a tuple using next().";NULL;3;"Boolean Expression Evaluator";"Write a function `eval_boolean_expressions(expressions: list, env: dict) -> list` that evaluates a list of boolean expression strings. The strings contain variable names (matching keys in `env`), and the operators `and`, `or`, `not`, and parentheses. Use the `ast` module to parse and safely evaluate them based on the `env` dictionary. Do not use the built-in `eval()` function.";failed;"passed";NULL;NULL;"failed";"Classification mismatch: expected 'Hard' (level hard), got 'intermediate'";"The problem requires students to parse strings into Abstract Syntax Trees using the `ast` module and manually traverse the tree to evaluate boolean operations using recursion. Since the built-in `eval()` function is explicitly forbidden, students must write a custom node evaluator to handle specific AST nodes (such as `ast.BoolOp`, `ast.UnaryOp`, and `ast.Name`). This requires a solid understanding of recursion, dictionary lookups, and AST structures, meaning it will take more time and more code than basic exercises. However, because the scope is strictly limited to simple boolean operators rather than a full programming language parser, it remains achievable for most students who grasp tree traversal, fitting the intermediate difficulty level."
"Expressions-Hard-2-shot-1783876328078";"qwen/qwen3.7-plus";"Expressions";"Hard";"2-shot";"Given the string ekspresi_str = '{""a"": 1, ""b"": 2}', use ast.literal_eval() to safely evaluate the string into a Python dictionary. Write a function evaluasi_literal() that returns the resulting dictionary.";"Create a generator expression that generates the squares of numbers from 1 to 1,000,000. Write a function tiga_pertama() that returns the first three generated values as a tuple using next().";NULL;4;"Simple Regular Expression Matcher";"Write a function `regex_match(pattern: str, text: str) -> bool` that implements a simple regular expression matcher. The pattern supports literal characters, `.` (matches any single character), `*` (matches zero or more of the preceding character), `^` (matches the start of the string), and `$` (matches the end of the string). Implement this using recursive backtracking.";passed;"passed";NULL;NULL;"passed";NULL;NULL
"Expressions-Hard-2-shot-1783876328078";"qwen/qwen3.7-plus";"Expressions";"Hard";"2-shot";"Given the string ekspresi_str = '{""a"": 1, ""b"": 2}', use ast.literal_eval() to safely evaluate the string into a Python dictionary. Write a function evaluasi_literal() that returns the resulting dictionary.";"Create a generator expression that generates the squares of numbers from 1 to 1,000,000. Write a function tiga_pertama() that returns the first three generated values as a tuple using next().";NULL;5;"Optimal Matrix Expression Evaluation";"Given a sequence of matrices to be multiplied (a matrix expression), the dimensions of the matrices are given as a list of tuples `dims` where `dims[i]` is `(rows, cols)` of the i-th matrix. Write a function `min_scalar_mults(dims: list) -> int` that calculates the minimum number of scalar multiplications needed to evaluate the matrix expression. This requires finding the optimal parenthesization of the expression using dynamic programming.";passed;"passed";NULL;NULL;"passed";NULL;NULL
"Input/Output-Hard-2-shot-1783876624412";"qwen/qwen3.7-plus";"Input/Output";"Hard";"2-shot";"Write a function parse_csv(raw_csv) that parses a multiline CSV string into a list of dictionaries. Ignore empty lines. The first line contains the headers.";"Import the sys module. Write a function print_error(message) that prints the given message to the standard error stream (sys.stderr) with the prefix '[ERROR]: '. The function should return None.";NULL;1;"Log Level Aggregator";"Write a function aggregate_logs(log_text) that parses a multiline string of log entries. Each valid line follows the format 'YYYY-MM-DD HH:MM:SS LEVEL MESSAGE'. Count the occurrences of each LEVEL. Ignore malformed lines that do not match this format. Return a dictionary mapping levels to their counts.";failed;"passed";NULL;NULL;"failed";"Classification mismatch: expected 'Hard' (level hard), got 'intermediate'";"This exercise requires students to parse multiline strings, validate a specific text format (which typically involves regular expressions or detailed string splitting and conditional checks), and aggregate the results into a dictionary. Handling edge cases like malformed lines adds a layer of complexity and requires more code than basic string manipulation, placing it firmly in the intermediate category. However, it does not require advanced algorithms or complex data structures, so it does not reach the hard level."
"Input/Output-Hard-2-shot-1783876624412";"qwen/qwen3.7-plus";"Input/Output";"Hard";"2-shot";"Write a function parse_csv(raw_csv) that parses a multiline CSV string into a list of dictionaries. Ignore empty lines. The first line contains the headers.";"Import the sys module. Write a function print_error(message) that prints the given message to the standard error stream (sys.stderr) with the prefix '[ERROR]: '. The function should return None.";NULL;2;"INI Configuration Parser";"Write a function parse_ini(ini_text) that parses a string representing an INI configuration file. Sections are defined by '[section_name]'. Key-value pairs are 'key = value'. Ignore lines starting with '#' (comments) and empty lines. Return a nested dictionary where outer keys are section names and inner dictionaries are the key-value pairs. Strip whitespace from keys and values.";failed;"passed";NULL;NULL;"failed";"Classification mismatch: expected 'Hard' (level hard), got 'intermediate'";"The exercise requires parsing a structured text format line-by-line, maintaining state to track the current section, and constructing a nested dictionary. It involves multiple string manipulation techniques (splitting, stripping, checking for specific prefixes/suffixes) and conditional logic to correctly handle comments, empty lines, and key-value assignments. While it does not require advanced algorithms or complex data structures, it combines several intermediate concepts like state tracking and nested data structure manipulation, making it more complex than a basic easy problem but well within reach for intermediate students."
"Input/Output-Hard-2-shot-1783876624412";"qwen/qwen3.7-plus";"Input/Output";"Hard";"2-shot";"Write a function parse_csv(raw_csv) that parses a multiline CSV string into a list of dictionaries. Ignore empty lines. The first line contains the headers.";"Import the sys module. Write a function print_error(message) that prints the given message to the standard error stream (sys.stderr) with the prefix '[ERROR]: '. The function should return None.";NULL;3;"ASCII Canvas Renderer";"Write a function render_canvas(commands, width, height) that processes a list of drawing commands on a 2D grid initialized with '.' characters. Commands are strings: 'PLOT x,y,C', 'HLINE y,x1,x2,C', 'VLINE x,y1,y2,C'. Coordinates are 0-indexed. 'C' is a single character to draw. Ignore commands with out-of-bounds coordinates. Return the final grid as a single string with rows separated by newline characters.";failed;"failed";"Test case 1 failed: assert render_canvas(['PLOT 0,0,X', 'HLINE 1,0,2,Y'], 3, 2) == 'X..\nYY.'";"Unit test failed: Test case 1 failed: assert render_canvas(['PLOT 0,0,X', 'HLINE 1,0,2,Y'], 3, 2) == 'X..\nYY.'";NULL;NULL;NULL
"Input/Output-Hard-2-shot-1783876624412";"qwen/qwen3.7-plus";"Input/Output";"Hard";"2-shot";"Write a function parse_csv(raw_csv) that parses a multiline CSV string into a list of dictionaries. Ignore empty lines. The first line contains the headers.";"Import the sys module. Write a function print_error(message) that prints the given message to the standard error stream (sys.stderr) with the prefix '[ERROR]: '. The function should return None.";NULL;4;"Manual CSV Serializer";"Write a function serialize_csv(headers, rows) that converts a list of headers and a list of row dictionaries into a CSV formatted string. You must manually handle escaping: if a field contains a comma, double quote, or newline, enclose it in double quotes. Any double quotes inside the field must be escaped by doubling them (e.g., "" becomes """"). Do not use the built-in csv module.";failed;"passed";NULL;NULL;"failed";"Classification mismatch: expected 'Hard' (level hard), got 'intermediate'";"This problem requires manual string manipulation and careful handling of edge cases (commas, quotes, newlines) without using built-in libraries. Students need to write a moderate amount of code involving loops and conditional logic to format the output correctly. While it demands attention to detail and a solid grasp of string methods, it does not require advanced algorithms or complex data structures, placing it firmly in the intermediate category."
"Input/Output-Hard-2-shot-1783876624412";"qwen/qwen3.7-plus";"Input/Output";"Hard";"2-shot";"Write a function parse_csv(raw_csv) that parses a multiline CSV string into a list of dictionaries. Ignore empty lines. The first line contains the headers.";"Import the sys module. Write a function print_error(message) that prints the given message to the standard error stream (sys.stderr) with the prefix '[ERROR]: '. The function should return None.";NULL;5;"Sparse Matrix Reconstructor";"Write a function reconstruct_matrix(sparse_data) that takes a string representing a sparse matrix. The first line contains 'ROWS COLS'. Subsequent lines contain 'row,col,value' representing non-zero elements. Reconstruct the full matrix as a 2D list of floats, filling missing values with 0.0. Ignore any coordinates that fall outside the specified ROWS and COLS dimensions.";failed;"passed";NULL;NULL;"failed";"Classification mismatch: expected 'Hard' (level hard), got 'easy'";"This problem requires only fundamental Python concepts such as string manipulation (splitting by newlines and commas), type casting, and 2D list creation. The logic is straightforward and can be implemented in just a few lines of code using basic loops and conditional checks for boundaries. Most students will be able to parse the input and construct the matrix quickly without needing complex algorithms or advanced data structures."
"Loop-Hard-2-shot-1783876919234";"qwen/qwen3.7-plus";"Loop";"Hard";"2-shot";"Given a list of (username, password) tuples, count how many failed attempts occur before the correct login ('admin', 'admin'). Return the count of failed attempts.";"Given an initial savings amount and a weekly addition amount, return how many weeks it takes for the savings to reach or exceed a target amount.";NULL;1;"Loop Through a Spiral Matrix";"Given an `m x n` matrix, use a loop to traverse and return all elements of the matrix in spiral order.";failed;"passed";NULL;NULL;"failed";"Classification mismatch: expected 'Hard' (level hard), got 'intermediate'";"This problem requires managing multiple boundary pointers (top, bottom, left, right) and carefully updating them while changing traversal directions. It involves nested loops, state tracking, and handling edge cases for non-square matrices, which takes more time and lines of code than basic exercises, making it a classic intermediate algorithmic challenge."
"Loop-Hard-2-shot-1783876919234";"qwen/qwen3.7-plus";"Loop";"Hard";"2-shot";"Given a list of (username, password) tuples, count how many failed attempts occur before the correct login ('admin', 'admin'). Return the count of failed attempts.";"Given an initial savings amount and a weekly addition amount, return how many weeks it takes for the savings to reach or exceed a target amount.";NULL;2;"Loop to Find Longest Unique Substring";"Given a string `s`, use a loop to find the length of the longest substring without repeating characters.";failed;"passed";NULL;NULL;"failed";"Classification mismatch: expected 'Hard' (level hard), got 'intermediate'";"This problem requires implementing a sliding window algorithm or using nested loops alongside a data structure like a set or dictionary to track character occurrences. It goes beyond basic looping and simple string manipulation by requiring the student to carefully manage state, such as tracking the current window boundaries and the maximum length found so far. It requires more code and logical planning than an easy problem, but is a standard algorithmic challenge that most students can eventually figure out with effort, fitting the intermediate level."
"Loop-Hard-2-shot-1783876919234";"qwen/qwen3.7-plus";"Loop";"Hard";"2-shot";"Given a list of (username, password) tuples, count how many failed attempts occur before the correct login ('admin', 'admin'). Return the count of failed attempts.";"Given an initial savings amount and a weekly addition amount, return how many weeks it takes for the savings to reach or exceed a target amount.";NULL;3;"Loop for Game of Life Next State";"Given a 2D grid of cells (0 for dead, 1 for alive), use nested loops to compute the next state of the grid according to Conway's Game of Life rules: 1) Any live cell with 2 or 3 live neighbors survives. 2) Any dead cell with exactly 3 live neighbors becomes alive. 3) All other cells die or stay dead. Return the new grid.";failed;"passed";NULL;NULL;"failed";"Classification mismatch: expected 'Hard' (level hard), got 'intermediate'";"This problem requires working with 2D arrays and nested loops. Students must carefully handle boundary conditions to check up to 8 neighboring cells without causing out-of-bounds errors. While the rules are clearly defined, translating them into code and managing the state transitions takes a moderate amount of code and time. It is too complex for an easy problem due to the 2D boundary handling, but it relies on fundamental loop and conditional structures rather than advanced algorithms, making it a classic intermediate exercise that most, but not all, students will be able to solve."
"Loop-Hard-2-shot-1783876919234";"qwen/qwen3.7-plus";"Loop";"Hard";"2-shot";"Given a list of (username, password) tuples, count how many failed attempts occur before the correct login ('admin', 'admin'). Return the count of failed attempts.";"Given an initial savings amount and a weekly addition amount, return how many weeks it takes for the savings to reach or exceed a target amount.";NULL;4;"Loop to Decode an Encoded String";"Given an encoded string of the form `k[encoded_string]`, use a loop to decode it by repeating the `encoded_string` inside the brackets `k` times. You may assume that `k` is guaranteed to be a positive integer and there are no nested brackets.";failed;"passed";NULL;NULL;"failed";"Classification mismatch: expected 'Hard' (level hard), got 'intermediate'";"This problem requires parsing a specifically formatted string, which involves tracking state across loop iterations to extract numbers and characters within brackets. While the lack of nested brackets simplifies the problem significantly by removing the need for a stack or recursion, it still requires more than a few lines of code and a solid understanding of string manipulation and loop control to correctly identify the multipliers and repeat the substrings. This places it above a basic easy problem, but below a hard problem."
"Loop-Hard-2-shot-1783876919234";"qwen/qwen3.7-plus";"Loop";"Hard";"2-shot";"Given a list of (username, password) tuples, count how many failed attempts occur before the correct login ('admin', 'admin'). Return the count of failed attempts.";"Given an initial savings amount and a weekly addition amount, return how many weeks it takes for the savings to reach or exceed a target amount.";NULL;5;"Loop to Find Missing Ranges";"Given a sorted list of unique integers `nums`, and two integers `lower` and `upper`, use a loop to return the smallest sorted list of ranges that cover every missing number exactly. A missing number is any number between `lower` and `upper` that is not in `nums`. Format ranges as ""a->b"" if a != b, or ""a"" if a == b.";failed;"passed";NULL;NULL;"failed";"Classification mismatch: expected 'Hard' (level hard), got 'intermediate'";"The exercise requires students to implement a loop that tracks the previous value to find gaps, which involves handling multiple edge cases such as missing numbers before the first element, between elements, and after the last element. Additionally, it requires specific string formatting based on the gap size. While the core algorithm is a straightforward single pass, managing these boundary conditions and formatting rules requires more time, careful logic, and more code than a basic loop, placing it firmly at the intermediate level."
"Operators-Hard-2-shot-1783877202407";"qwen/qwen3.7-plus";"Operators";"Hard";"2-shot";"Given the string 'Belajar Python Dasar', write a function cek_panjang() that uses the walrus operator (:=) inside an if statement. If the string length is greater than 10, return the message 'Kalimat terlalu panjang! Terdeteksi ada 21 karakter.'. Otherwise, return 'Panjang kalimat aman, hanya n karakter.'. The length must only be computed once using the walrus operator.";"Create a class Vektor2D with attributes x and y. Overload the + operator so that adding two Vektor2D objects returns a new Vektor2D object whose coordinates are the sums of the corresponding coordinates.";NULL;1;"Bitwise Color Extraction";"Given a 32-bit integer representing an ARGB color (e.g., 0xFFAABBCC), write a function extract_rgb(color) that uses bitwise AND (&), right shift (>>), and modulo/AND (& 0xFF) operators to extract the Red, Green, and Blue components. Return a tuple (R, G, B).";failed;"passed";NULL;NULL;"failed";"Classification mismatch: expected 'Hard' (level hard), got 'easy'";"The exercise can be solved quickly with just a few lines of code. It involves a straightforward application of basic bitwise operators (right shift and bitwise AND) to isolate specific bytes in a 32-bit integer. Because the problem explicitly states which operators to use and the underlying logic is direct, most students will be able to write the solution almost immediately."
"Operators-Hard-2-shot-1783877202407";"qwen/qwen3.7-plus";"Operators";"Hard";"2-shot";"Given the string 'Belajar Python Dasar', write a function cek_panjang() that uses the walrus operator (:=) inside an if statement. If the string length is greater than 10, return the message 'Kalimat terlalu panjang! Terdeteksi ada 21 karakter.'. Otherwise, return 'Panjang kalimat aman, hanya n karakter.'. The length must only be computed once using the walrus operator.";"Create a class Vektor2D with attributes x and y. Overload the + operator so that adding two Vektor2D objects returns a new Vektor2D object whose coordinates are the sums of the corresponding coordinates.";NULL;2;"Matrix Multiplication Operator";"Create a class Matrix that takes a 2D list of numbers. Overload the @ operator (__matmul__) to perform matrix multiplication with another Matrix object. If dimensions are incompatible, raise a ValueError. Write a function multiply_matrices() that multiplies two 2x2 matrices and returns the resulting 2D list.";failed;"passed";NULL;NULL;"failed";"Classification mismatch: expected 'Hard' (level hard), got 'intermediate'";"The exercise requires combining several intermediate Python concepts, including Object-Oriented Programming (defining a class and its initializer), operator overloading (`__matmul__`), exception handling (`ValueError`), and implementing the matrix multiplication algorithm using nested loops. While the mathematical algorithm is standard and not overly complex, writing the class structure, handling the dimension checks, and correctly implementing the dot product requires a moderate amount of code and careful logic, making it a solid intermediate problem."
"Operators-Hard-2-shot-1783877202407";"qwen/qwen3.7-plus";"Operators";"Hard";"2-shot";"Given the string 'Belajar Python Dasar', write a function cek_panjang() that uses the walrus operator (:=) inside an if statement. If the string length is greater than 10, return the message 'Kalimat terlalu panjang! Terdeteksi ada 21 karakter.'. Otherwise, return 'Panjang kalimat aman, hanya n karakter.'. The length must only be computed once using the walrus operator.";"Create a class Vektor2D with attributes x and y. Overload the + operator so that adding two Vektor2D objects returns a new Vektor2D object whose coordinates are the sums of the corresponding coordinates.";NULL;3;"Fluent Builder with Shift Operators";"Create a class HTMLBuilder that overloads the left shift operator << (__lshift__) to append strings to an internal HTML body. The operator should return self to allow chaining. Include a method build() that returns the final string. Write a function build_html() that uses this builder to create '<div>Hello</div>'.";failed;"failed";"Test case 3 failed: assert len(build_html()) == 17";"Unit test failed: Test case 3 failed: assert len(build_html()) == 17";NULL;NULL;NULL
"Operators-Hard-2-shot-1783877202407";"qwen/qwen3.7-plus";"Operators";"Hard";"2-shot";"Given the string 'Belajar Python Dasar', write a function cek_panjang() that uses the walrus operator (:=) inside an if statement. If the string length is greater than 10, return the message 'Kalimat terlalu panjang! Terdeteksi ada 21 karakter.'. Otherwise, return 'Panjang kalimat aman, hanya n karakter.'. The length must only be computed once using the walrus operator.";"Create a class Vektor2D with attributes x and y. Overload the + operator so that adding two Vektor2D objects returns a new Vektor2D object whose coordinates are the sums of the corresponding coordinates.";NULL;4;"Version Comparison with Total Ordering";"Create a class Version that takes a version string like '1.2.3'. Implement __eq__ and __lt__ by comparing the integer parts. Use the @functools.total_ordering decorator to automatically generate the rest of the comparison operators. Write a function sort_versions(versions) that takes a list of version strings and returns them sorted from lowest to highest.";failed;"passed";NULL;NULL;"failed";"Classification mismatch: expected 'Hard' (level hard), got 'intermediate'";"This exercise requires a solid understanding of object-oriented programming in Python, specifically the use of magic methods (__eq__ and __lt__) and decorators (@functools.total_ordering). Students must also implement string manipulation to parse version strings into comparable integer tuples and apply custom sorting logic. While the solution is straightforward once the concepts are grasped, it requires more code and conceptual depth than basic syntax problems, placing it firmly in the intermediate category without reaching the algorithmic complexity of a hard problem."
"Operators-Hard-2-shot-1783877202407";"qwen/qwen3.7-plus";"Operators";"Hard";"2-shot";"Given the string 'Belajar Python Dasar', write a function cek_panjang() that uses the walrus operator (:=) inside an if statement. If the string length is greater than 10, return the message 'Kalimat terlalu panjang! Terdeteksi ada 21 karakter.'. Otherwise, return 'Panjang kalimat aman, hanya n karakter.'. The length must only be computed once using the walrus operator.";"Create a class Vektor2D with attributes x and y. Overload the + operator so that adding two Vektor2D objects returns a new Vektor2D object whose coordinates are the sums of the corresponding coordinates.";NULL;5;"Custom In-Place Augmented Assignment";"Create a class Accumulator that keeps a running total. Overload the += operator (__iadd__) so that it adds the given value to the total and returns self. Overload the + operator (__add__) to return a new Accumulator instance with the added value, leaving the original unchanged. Write a function test_accumulator() that creates a=Accumulator(10), sets b=a, does a+=5, then c=a+5. Return (a.total, b.total, c.total).";failed;"passed";NULL;NULL;"failed";"Classification mismatch: expected 'Hard' (level hard), got 'easy'";"The problem requires implementing two standard magic methods (`__iadd__` and `__add__`) and understanding the difference between in-place modification and returning a new instance. The code required is very short (around 10 lines), and the logic is straightforward for anyone familiar with basic object-oriented programming and operator overloading in Python. Most students will be able to solve this quickly."
"Variables-Hard-2-shot-1783877465904";"qwen/qwen3.7-plus";"Variables";"Hard";"2-shot";"Create variables w = 256 and x = 256, then variables y = int('1000') and z = int('1000'). Write a function cek_identitas() that returns a tuple containing (w is x, y is z). Using int('1000') ensures that y and z are created as separate integer objects on most Python implementations.";"Create a function mesin_penghitung() that initializes a variable hitungan = 0. Inside it, define another function tambah() that uses the nonlocal keyword to increment hitungan by 1 every time it is called and returns the updated value. Return the inner function tambah.";NULL;1;"Variable Aliasing and Mutation";"Write a function complex_aliasing() that creates a list of lists x = [[1, 2], [3, 4]]. Create a shallow copy y = x[:]. Create an alias z = x. Modify y by appending 5 to its first inner list (y[0].append(5)). Modify z by reassigning its second inner list to [6] (z[1] = [6]). Return the tuple (x, y, z). This tests understanding of variable references and shallow copies.";failed;"passed";NULL;NULL;"failed";"Classification mismatch: expected 'Hard' (level hard), got 'easy'";"The exercise requires only a few lines of code to implement. Although the underlying topic of variable aliasing and shallow copies involves a nuanced understanding of Python's memory model, the problem statement explicitly provides the exact syntax and step-by-step instructions needed (e.g., `y = x[:]`, `z = x`, `y[0].append(5)`). This direct mapping from instructions to code makes the implementation straightforward and quick for most students to complete."
"Variables-Hard-2-shot-1783877465904";"qwen/qwen3.7-plus";"Variables";"Hard";"2-shot";"Create variables w = 256 and x = 256, then variables y = int('1000') and z = int('1000'). Write a function cek_identitas() that returns a tuple containing (w is x, y is z). Using int('1000') ensures that y and z are created as separate integer objects on most Python implementations.";"Create a function mesin_penghitung() that initializes a variable hitungan = 0. Inside it, define another function tambah() that uses the nonlocal keyword to increment hitungan by 1 every time it is called and returns the updated value. Return the inner function tambah.";NULL;2;"Nested Scope Variables";"Write a function nested_scope_vars() that initializes a variable a = 1. Inside it, define a function level1() that initializes b = 2. Inside level1(), define level2() that initializes c = 3. The function level2() must use the nonlocal keyword to change a to a + b + c, and change b to b * 2. It must also define a local variable c_local = 100. Call level2() inside level1(). level1() should return the updated value of b. Call level1() inside nested_scope_vars(). Return the tuple (a, returned_b).";failed;"passed";NULL;NULL;"failed";"Classification mismatch: expected 'Hard' (level hard), got 'intermediate'";"The exercise requires a solid understanding of Python's variable scoping rules, specifically nested functions and the `nonlocal` keyword. While the arithmetic and logic are straightforward, beginners often struggle with the concept of modifying variables in enclosing scopes, which elevates the difficulty beyond basic syntax. It requires writing moderately structured, nested code and careful attention to scope resolution, fitting the criteria for an intermediate problem."
"Variables-Hard-2-shot-1783877465904";"qwen/qwen3.7-plus";"Variables";"Hard";"2-shot";"Create variables w = 256 and x = 256, then variables y = int('1000') and z = int('1000'). Write a function cek_identitas() that returns a tuple containing (w is x, y is z). Using int('1000') ensures that y and z are created as separate integer objects on most Python implementations.";"Create a function mesin_penghitung() that initializes a variable hitungan = 0. Inside it, define another function tambah() that uses the nonlocal keyword to increment hitungan by 1 every time it is called and returns the updated value. Return the inner function tambah.";NULL;3;"Chained Simultaneous Assignment";"Write a function chain_assign() that initializes variables a = 2, b = 3, c = 5. Execute the following simultaneous variable assignments in order: 1) a, b, c = b + c, a * c, a + b. 2) a, b = b, a. 3) c, a, b = a, c, b + c. Return the final tuple (a, b, c). This tests understanding of evaluation order in multiple variable assignments.";failed;"passed";NULL;NULL;"failed";"Classification mismatch: expected 'Hard' (level hard), got 'easy'";"The problem only requires transcribing the given mathematical operations and simultaneous assignments directly into Python code. It involves only basic variable initialization and tuple unpacking, which can be solved in just a few lines of code by following the instructions exactly."
"Variables-Hard-2-shot-1783877465904";"qwen/qwen3.7-plus";"Variables";"Hard";"2-shot";"Create variables w = 256 and x = 256, then variables y = int('1000') and z = int('1000'). Write a function cek_identitas() that returns a tuple containing (w is x, y is z). Using int('1000') ensures that y and z are created as separate integer objects on most Python implementations.";"Create a function mesin_penghitung() that initializes a variable hitungan = 0. Inside it, define another function tambah() that uses the nonlocal keyword to increment hitungan by 1 every time it is called and returns the updated value. Return the inner function tambah.";NULL;4;"Advanced Variable Unpacking";"Write a function advanced_unpack() that takes no arguments. Initialize a tuple data = (1, 2, 3, 4, 5, 6, 7, 8, 9, 10). Unpack the first element into first, the last element into last, and the remaining elements into a list called middle. Then, unpack middle such that the first two elements go into m1 and m2, and the rest into rest. Finally, reassign first to be the sum of m1 and m2, and reassign last to be the length of rest. Return the tuple (first, last, len(middle)).";failed;"passed";NULL;NULL;"failed";"Classification mismatch: expected 'Hard' (level hard), got 'intermediate'";"This exercise requires knowledge of extended iterable unpacking (using the `*` operator to capture multiple elements), which is an intermediate Python feature. It involves multiple sequential steps of unpacking, variable reassignment, and careful tracking of variables, requiring more time and code than a basic easy problem. However, it does not involve complex algorithms, loops, or advanced data structures, meaning most students who have learned about unpacking will eventually be able to solve it."
"Variables-Hard-2-shot-1783877465904";"qwen/qwen3.7-plus";"Variables";"Hard";"2-shot";"Create variables w = 256 and x = 256, then variables y = int('1000') and z = int('1000'). Write a function cek_identitas() that returns a tuple containing (w is x, y is z). Using int('1000') ensures that y and z are created as separate integer objects on most Python implementations.";"Create a function mesin_penghitung() that initializes a variable hitungan = 0. Inside it, define another function tambah() that uses the nonlocal keyword to increment hitungan by 1 every time it is called and returns the updated value. Return the inner function tambah.";NULL;5;"Variable Mutation Trap";"Write a function variable_mutation_trap() to demonstrate variable mutation and reassignment. Inside it, define an inner function modify(var) that executes var = var + [4] and returns var. Define another inner function modify_inplace(var) that executes var.append(4). Initialize a variable a = [1, 2, 3]. Call b = modify(a). Call modify_inplace(a). Return the tuple (a, b, a is b). This tests the difference between variable reassignment and in-place mutation.";failed;"passed";NULL;NULL;"failed";"Classification mismatch: expected 'Hard' (level hard), got 'easy'";"Although the exercise explores a conceptual ""trap"" regarding list mutation versus variable reassignment, the prompt provides explicit, step-by-step instructions on exactly what code to write. The required solution is only a few lines of code, and students simply need to translate the direct, detailed instructions into Python syntax. Therefore, most students will be able to complete it quickly."
"Conditionals-Easy-3-shot-1783877763883";"qwen/qwen3.7-plus";"Conditionals";"Easy";"3-shot";"Given three integers u1, u2, u3 in increasing order, determine whether they form a geometric sequence. A geometric sequence satisfies u2/u1 == u3/u2 (using integer division). Return 'ya' if it is geometric, 'tidak' otherwise.";"Given a letter grade (A, B, C, D, E, or T), return its numeric description. A=5, B=4, C=3, D=2, E=1, T=0.";"Given a rainfall level string ('tinggi' or 'rendah'), determine the traffic condition. If rainfall is 'tinggi', return 'macet'. Otherwise, return 'tidak macet'.";1;"Even or Odd";"Given an integer n, determine if it is even or odd. Return the string 'even' if n is divisible by 2, otherwise return 'odd'.";passed;"passed";NULL;NULL;"passed";NULL;NULL
"Conditionals-Easy-3-shot-1783877763883";"qwen/qwen3.7-plus";"Conditionals";"Easy";"3-shot";"Given three integers u1, u2, u3 in increasing order, determine whether they form a geometric sequence. A geometric sequence satisfies u2/u1 == u3/u2 (using integer division). Return 'ya' if it is geometric, 'tidak' otherwise.";"Given a letter grade (A, B, C, D, E, or T), return its numeric description. A=5, B=4, C=3, D=2, E=1, T=0.";"Given a rainfall level string ('tinggi' or 'rendah'), determine the traffic condition. If rainfall is 'tinggi', return 'macet'. Otherwise, return 'tidak macet'.";2;"Voting Eligibility";"Given an integer age, determine if a person is eligible to vote. Return 'eligible' if age is 18 or older, otherwise return 'not eligible'.";passed;"passed";NULL;NULL;"passed";NULL;NULL
"Conditionals-Easy-3-shot-1783877763883";"qwen/qwen3.7-plus";"Conditionals";"Easy";"3-shot";"Given three integers u1, u2, u3 in increasing order, determine whether they form a geometric sequence. A geometric sequence satisfies u2/u1 == u3/u2 (using integer division). Return 'ya' if it is geometric, 'tidak' otherwise.";"Given a letter grade (A, B, C, D, E, or T), return its numeric description. A=5, B=4, C=3, D=2, E=1, T=0.";"Given a rainfall level string ('tinggi' or 'rendah'), determine the traffic condition. If rainfall is 'tinggi', return 'macet'. Otherwise, return 'tidak macet'.";3;"Number Sign";"Given an integer n, determine its sign. Return 'positive' if n is greater than 0, 'negative' if n is less than 0, and 'zero' if n is exactly 0.";passed;"passed";NULL;NULL;"passed";NULL;NULL
"Conditionals-Easy-3-shot-1783877763883";"qwen/qwen3.7-plus";"Conditionals";"Easy";"3-shot";"Given three integers u1, u2, u3 in increasing order, determine whether they form a geometric sequence. A geometric sequence satisfies u2/u1 == u3/u2 (using integer division). Return 'ya' if it is geometric, 'tidak' otherwise.";"Given a letter grade (A, B, C, D, E, or T), return its numeric description. A=5, B=4, C=3, D=2, E=1, T=0.";"Given a rainfall level string ('tinggi' or 'rendah'), determine the traffic condition. If rainfall is 'tinggi', return 'macet'. Otherwise, return 'tidak macet'.";4;"Password Validity";"Given a string password, check if it meets the minimum length requirement. Return 'valid' if the length of the password is at least 8 characters, otherwise return 'invalid'.";passed;"passed";NULL;NULL;"passed";NULL;NULL
"Conditionals-Easy-3-shot-1783877763883";"qwen/qwen3.7-plus";"Conditionals";"Easy";"3-shot";"Given three integers u1, u2, u3 in increasing order, determine whether they form a geometric sequence. A geometric sequence satisfies u2/u1 == u3/u2 (using integer division). Return 'ya' if it is geometric, 'tidak' otherwise.";"Given a letter grade (A, B, C, D, E, or T), return its numeric description. A=5, B=4, C=3, D=2, E=1, T=0.";"Given a rainfall level string ('tinggi' or 'rendah'), determine the traffic condition. If rainfall is 'tinggi', return 'macet'. Otherwise, return 'tidak macet'.";5;"Ticket Price";"Given an integer age, calculate the movie ticket price. If age is under 12, the price is 5. If age is 65 or older, the price is 7. For all other ages, the price is 10.";passed;"passed";NULL;NULL;"passed";NULL;NULL
"Constants-Easy-3-shot-1783877928501";"qwen/qwen3.7-plus";"Constants";"Easy";"3-shot";"According to the PEP 8 naming convention, constants should be written in uppercase letters. Create a constant named GRAVITASI_BUMI with a value of 9.8. Then create a function hitung_berat(massa) that multiplies the given mass by the GRAVITASI_BUMI constant and returns the result.";"Import pi from the math module. Create a global constant named PI_APPROX that stores math.pi rounded to 4 decimal places. Use PI_APPROX to calculate the circumference of a circle with radius 7.";"Declare two string constants: MSG_SUCCESS = 'Operasi Berhasil' and MSG_ERROR = 'Terjadi Kesalahan'. Create a function cek_status(kode) that returns MSG_SUCCESS if kode equals 200, otherwise returns MSG_ERROR.";1;"Distance Traveler";"Define a constant named KECEPATAN_CAHAYA with a value of 299792458. Create a function hitung_jarak(waktu) that calculates and returns the distance traveled by light in a vacuum given the time in seconds.";passed;"passed";NULL;NULL;"passed";NULL;NULL
"Constants-Easy-3-shot-1783877928501";"qwen/qwen3.7-plus";"Constants";"Easy";"3-shot";"According to the PEP 8 naming convention, constants should be written in uppercase letters. Create a constant named GRAVITASI_BUMI with a value of 9.8. Then create a function hitung_berat(massa) that multiplies the given mass by the GRAVITASI_BUMI constant and returns the result.";"Import pi from the math module. Create a global constant named PI_APPROX that stores math.pi rounded to 4 decimal places. Use PI_APPROX to calculate the circumference of a circle with radius 7.";"Declare two string constants: MSG_SUCCESS = 'Operasi Berhasil' and MSG_ERROR = 'Terjadi Kesalahan'. Create a function cek_status(kode) that returns MSG_SUCCESS if kode equals 200, otherwise returns MSG_ERROR.";2;"Tax Calculator";"Define a constant named PAJAK_PPN with a value of 0.11. Create a function hitung_total_harga(harga) that calculates and returns the total price of an item after adding the PPN tax.";passed;"passed";NULL;NULL;"passed";NULL;NULL
"Constants-Easy-3-shot-1783877928501";"qwen/qwen3.7-plus";"Constants";"Easy";"3-shot";"According to the PEP 8 naming convention, constants should be written in uppercase letters. Create a constant named GRAVITASI_BUMI with a value of 9.8. Then create a function hitung_berat(massa) that multiplies the given mass by the GRAVITASI_BUMI constant and returns the result.";"Import pi from the math module. Create a global constant named PI_APPROX that stores math.pi rounded to 4 decimal places. Use PI_APPROX to calculate the circumference of a circle with radius 7.";"Declare two string constants: MSG_SUCCESS = 'Operasi Berhasil' and MSG_ERROR = 'Terjadi Kesalahan'. Create a function cek_status(kode) that returns MSG_SUCCESS if kode equals 200, otherwise returns MSG_ERROR.";3;"Time Converter";"Define three constants: DETIK_PER_MENIT = 60, MENIT_PER_JAM = 60, and JAM_PER_HARI = 24. Create a function hitung_total_detik(hari) that returns the total number of seconds in the given number of days using these constants.";passed;"passed";NULL;NULL;"passed";NULL;NULL
"Constants-Easy-3-shot-1783877928501";"qwen/qwen3.7-plus";"Constants";"Easy";"3-shot";"According to the PEP 8 naming convention, constants should be written in uppercase letters. Create a constant named GRAVITASI_BUMI with a value of 9.8. Then create a function hitung_berat(massa) that multiplies the given mass by the GRAVITASI_BUMI constant and returns the result.";"Import pi from the math module. Create a global constant named PI_APPROX that stores math.pi rounded to 4 decimal places. Use PI_APPROX to calculate the circumference of a circle with radius 7.";"Declare two string constants: MSG_SUCCESS = 'Operasi Berhasil' and MSG_ERROR = 'Terjadi Kesalahan'. Create a function cek_status(kode) that returns MSG_SUCCESS if kode equals 200, otherwise returns MSG_ERROR.";4;"Circle Area";"Define a constant named PI with a value of 3.14159. Create a function luas_lingkaran(jari_jari) that calculates and returns the area of a circle using the formula PI * jari_jari * jari_jari.";passed;"passed";NULL;NULL;"passed";NULL;NULL
"Constants-Easy-3-shot-1783877928501";"qwen/qwen3.7-plus";"Constants";"Easy";"3-shot";"According to the PEP 8 naming convention, constants should be written in uppercase letters. Create a constant named GRAVITASI_BUMI with a value of 9.8. Then create a function hitung_berat(massa) that multiplies the given mass by the GRAVITASI_BUMI constant and returns the result.";"Import pi from the math module. Create a global constant named PI_APPROX that stores math.pi rounded to 4 decimal places. Use PI_APPROX to calculate the circumference of a circle with radius 7.";"Declare two string constants: MSG_SUCCESS = 'Operasi Berhasil' and MSG_ERROR = 'Terjadi Kesalahan'. Create a function cek_status(kode) that returns MSG_SUCCESS if kode equals 200, otherwise returns MSG_ERROR.";5;"Fixed Discount";"Define a constant named DISKON_TETAP with a value of 5000. Create a function harga_akhir(harga) that returns the final price after applying the fixed discount. Assume the given price is always greater than or equal to the discount.";passed;"passed";NULL;NULL;"passed";NULL;NULL
"Expressions-Easy-3-shot-1783878925728";"qwen/qwen3.7-plus";"Expressions";"Easy";"3-shot";"Create two variables: alas = 10 and tinggi = 15. Write a function hitung_luas() that calculates the area of a triangle using the arithmetic expression 0.5 * alas * tinggi and returns the result.";"Given the string 'Waku ', write a function buat_sorakan() that repeats the string twice and concatenates it with 'Yay!'. Return the resulting string.";"Create a variable angka = 42. Write a function cek_genap() that evaluates the boolean expression angka % 2 == 0 and returns the result.";1;"Arithmetic Expression";"Create variables harga = 2500 and jumlah = 4. Write a function hitung_total() that evaluates the arithmetic expression harga * jumlah and returns the result.";passed;"passed";NULL;NULL;"passed";NULL;NULL
"Expressions-Easy-3-shot-1783878925728";"qwen/qwen3.7-plus";"Expressions";"Easy";"3-shot";"Create two variables: alas = 10 and tinggi = 15. Write a function hitung_luas() that calculates the area of a triangle using the arithmetic expression 0.5 * alas * tinggi and returns the result.";"Given the string 'Waku ', write a function buat_sorakan() that repeats the string twice and concatenates it with 'Yay!'. Return the resulting string.";"Create a variable angka = 42. Write a function cek_genap() that evaluates the boolean expression angka % 2 == 0 and returns the result.";2;"String Expression";"Create variables depan = 'John' and belakang = 'Doe'. Write a function nama_lengkap() that evaluates the string expression depan + ' ' + belakang and returns the result.";passed;"passed";NULL;NULL;"passed";NULL;NULL
"Expressions-Easy-3-shot-1783878925728";"qwen/qwen3.7-plus";"Expressions";"Easy";"3-shot";"Create two variables: alas = 10 and tinggi = 15. Write a function hitung_luas() that calculates the area of a triangle using the arithmetic expression 0.5 * alas * tinggi and returns the result.";"Given the string 'Waku ', write a function buat_sorakan() that repeats the string twice and concatenates it with 'Yay!'. Return the resulting string.";"Create a variable angka = 42. Write a function cek_genap() that evaluates the boolean expression angka % 2 == 0 and returns the result.";3;"Comparison Expression";"Create a variable nilai = 85. Write a function lulus() that evaluates the comparison expression nilai >= 75 and returns the boolean result.";passed;"passed";NULL;NULL;"passed";NULL;NULL
"Expressions-Easy-3-shot-1783878925728";"qwen/qwen3.7-plus";"Expressions";"Easy";"3-shot";"Create two variables: alas = 10 and tinggi = 15. Write a function hitung_luas() that calculates the area of a triangle using the arithmetic expression 0.5 * alas * tinggi and returns the result.";"Given the string 'Waku ', write a function buat_sorakan() that repeats the string twice and concatenates it with 'Yay!'. Return the resulting string.";"Create a variable angka = 42. Write a function cek_genap() that evaluates the boolean expression angka % 2 == 0 and returns the result.";4;"Logical Expression";"Create a variable angka = 30. Write a function kondisi_spesial() that evaluates the logical expression angka > 20 and angka < 50 and returns the boolean result.";passed;"passed";NULL;NULL;"passed";NULL;NULL
"Expressions-Easy-3-shot-1783878925728";"qwen/qwen3.7-plus";"Expressions";"Easy";"3-shot";"Create two variables: alas = 10 and tinggi = 15. Write a function hitung_luas() that calculates the area of a triangle using the arithmetic expression 0.5 * alas * tinggi and returns the result.";"Given the string 'Waku ', write a function buat_sorakan() that repeats the string twice and concatenates it with 'Yay!'. Return the resulting string.";"Create a variable angka = 42. Write a function cek_genap() that evaluates the boolean expression angka % 2 == 0 and returns the result.";5;"Conversion Expression";"Create a variable teks_angka = '15'. Write a function tambah_lima() that evaluates the expression int(teks_angka) + 5 and returns the integer result.";passed;"passed";NULL;NULL;"passed";NULL;NULL
"Input/Output-Easy-3-shot-1783879147272";"qwen/qwen3.7-plus";"Input/Output";"Easy";"3-shot";"Write a function format_harga(harga) that formats a number as Indonesian Rupiah using commas as thousands separators and two decimal places. For example, 12500000 should become 'Rp 12,500,000.00'.";"Write a function jumlah_dua_angka(data_input) that receives a string containing two integers separated by a space (for example, '10 20'). Split the string and return the sum of the two numbers.";"Write a function hitung_umur(tahun_lahir) that receives a birth year as an integer and returns the estimated age in the year 2024.";1;"Personalized Greeting";"Write a function buat_sapaan(nama) that takes a name as a string input and returns a greeting string formatted as 'Halo, [nama]!'.";passed;"passed";NULL;NULL;"passed";NULL;NULL
"Input/Output-Easy-3-shot-1783879147272";"qwen/qwen3.7-plus";"Input/Output";"Easy";"3-shot";"Write a function format_harga(harga) that formats a number as Indonesian Rupiah using commas as thousands separators and two decimal places. For example, 12500000 should become 'Rp 12,500,000.00'.";"Write a function jumlah_dua_angka(data_input) that receives a string containing two integers separated by a space (for example, '10 20'). Split the string and return the sum of the two numbers.";"Write a function hitung_umur(tahun_lahir) that receives a birth year as an integer and returns the estimated age in the year 2024.";2;"Rectangle Area Output";"Write a function format_luas(panjang, lebar) that takes the length and width of a rectangle as integers, calculates the area, and returns a string formatted as 'Luas: [luas]'.";passed;"passed";NULL;NULL;"passed";NULL;NULL
"Input/Output-Easy-3-shot-1783879147272";"qwen/qwen3.7-plus";"Input/Output";"Easy";"3-shot";"Write a function format_harga(harga) that formats a number as Indonesian Rupiah using commas as thousands separators and two decimal places. For example, 12500000 should become 'Rp 12,500,000.00'.";"Write a function jumlah_dua_angka(data_input) that receives a string containing two integers separated by a space (for example, '10 20'). Split the string and return the sum of the two numbers.";"Write a function hitung_umur(tahun_lahir) that receives a birth year as an integer and returns the estimated age in the year 2024.";3;"Temperature Conversion Output";"Write a function konversi_suhu(celsius) that takes a temperature in Celsius as a number, converts it to Fahrenheit using the formula (C * 9/5) + 32, and returns a string formatted as 'Fahrenheit: [fahrenheit]'.";passed;"passed";NULL;NULL;"passed";NULL;NULL
"Input/Output-Easy-3-shot-1783879147272";"qwen/qwen3.7-plus";"Input/Output";"Easy";"3-shot";"Write a function format_harga(harga) that formats a number as Indonesian Rupiah using commas as thousands separators and two decimal places. For example, 12500000 should become 'Rp 12,500,000.00'.";"Write a function jumlah_dua_angka(data_input) that receives a string containing two integers separated by a space (for example, '10 20'). Split the string and return the sum of the two numbers.";"Write a function hitung_umur(tahun_lahir) that receives a birth year as an integer and returns the estimated age in the year 2024.";4;"Parse Integer Input";"Write a function baca_input_angka(teks) that receives a string formatted as 'Angka: [angka]' (for example, 'Angka: 42'). Extract the integer from the string and return it as an integer type.";passed;"passed";NULL;NULL;"passed";NULL;NULL
"Input/Output-Easy-3-shot-1783879147272";"qwen/qwen3.7-plus";"Input/Output";"Easy";"3-shot";"Write a function format_harga(harga) that formats a number as Indonesian Rupiah using commas as thousands separators and two decimal places. For example, 12500000 should become 'Rp 12,500,000.00'.";"Write a function jumlah_dua_angka(data_input) that receives a string containing two integers separated by a space (for example, '10 20'). Split the string and return the sum of the two numbers.";"Write a function hitung_umur(tahun_lahir) that receives a birth year as an integer and returns the estimated age in the year 2024.";5;"Format Student Data";"Write a function format_data_diri(nama, umur) that takes a student's name as a string and age as an integer, and returns a formatted string 'Nama: [nama], Umur: [umur] tahun'.";passed;"passed";NULL;NULL;"passed";NULL;NULL
"Loop-Easy-3-shot-1783880196248";"qwen/qwen3.7-plus";"Loop";"Easy";"3-shot";"Given a list tamu = ['Andi', 'Budi', 'Citra'], write a function sapa_tamu() that returns a list of greeting strings for each guest in the format 'Halo {nama}, selamat datang!'.";"Given two integers n and m where n < m, return a list of all integers from n to m inclusive. For example, n=1 and m=5 returns [1, 2, 3, 4, 5].";"Write a function countdown() that prints numbers from 5 to 1 using a for loop with range(). After the loop ends, the function should return the string 'Mulai!'.";1;"Sum of Numbers";"Write a function sum_numbers(numbers) that takes a list of integers and returns their sum using a for loop. Do not use the built-in sum() function.";passed;"passed";NULL;NULL;"passed";NULL;NULL
"Loop-Easy-3-shot-1783880196248";"qwen/qwen3.7-plus";"Loop";"Easy";"3-shot";"Given a list tamu = ['Andi', 'Budi', 'Citra'], write a function sapa_tamu() that returns a list of greeting strings for each guest in the format 'Halo {nama}, selamat datang!'.";"Given two integers n and m where n < m, return a list of all integers from n to m inclusive. For example, n=1 and m=5 returns [1, 2, 3, 4, 5].";"Write a function countdown() that prints numbers from 5 to 1 using a for loop with range(). After the loop ends, the function should return the string 'Mulai!'.";2;"Count Vowels";"Write a function count_vowels(text) that counts and returns the number of vowels ('a', 'e', 'i', 'o', 'u', case-insensitive) in a string using a for loop.";passed;"passed";NULL;NULL;"passed";NULL;NULL
"Loop-Easy-3-shot-1783880196248";"qwen/qwen3.7-plus";"Loop";"Easy";"3-shot";"Given a list tamu = ['Andi', 'Budi', 'Citra'], write a function sapa_tamu() that returns a list of greeting strings for each guest in the format 'Halo {nama}, selamat datang!'.";"Given two integers n and m where n < m, return a list of all integers from n to m inclusive. For example, n=1 and m=5 returns [1, 2, 3, 4, 5].";"Write a function countdown() that prints numbers from 5 to 1 using a for loop with range(). After the loop ends, the function should return the string 'Mulai!'.";3;"Reverse String Loop";"Write a function reverse_string(text) that returns the reversed version of the input string using a for loop. Do not use slicing [::-1] or the reversed() function.";passed;"passed";NULL;NULL;"passed";NULL;NULL
"Loop-Easy-3-shot-1783880196248";"qwen/qwen3.7-plus";"Loop";"Easy";"3-shot";"Given a list tamu = ['Andi', 'Budi', 'Citra'], write a function sapa_tamu() that returns a list of greeting strings for each guest in the format 'Halo {nama}, selamat datang!'.";"Given two integers n and m where n < m, return a list of all integers from n to m inclusive. For example, n=1 and m=5 returns [1, 2, 3, 4, 5].";"Write a function countdown() that prints numbers from 5 to 1 using a for loop with range(). After the loop ends, the function should return the string 'Mulai!'.";4;"Find Maximum";"Write a function find_maximum(numbers) that finds and returns the largest number in a non-empty list of integers using a while loop. Do not use the built-in max() function.";passed;"passed";NULL;NULL;"passed";NULL;NULL
"Loop-Easy-3-shot-1783880196248";"qwen/qwen3.7-plus";"Loop";"Easy";"3-shot";"Given a list tamu = ['Andi', 'Budi', 'Citra'], write a function sapa_tamu() that returns a list of greeting strings for each guest in the format 'Halo {nama}, selamat datang!'.";"Given two integers n and m where n < m, return a list of all integers from n to m inclusive. For example, n=1 and m=5 returns [1, 2, 3, 4, 5].";"Write a function countdown() that prints numbers from 5 to 1 using a for loop with range(). After the loop ends, the function should return the string 'Mulai!'.";5;"List of Squares";"Write a function generate_squares(n) that returns a list of squares of integers from 1 to n (inclusive) using a for loop. For example, if n=3, return [1, 4, 9].";passed;"passed";NULL;NULL;"passed";NULL;NULL
"Operators-Easy-3-shot-1784635013523";"qwen/qwen3.7-plus";"Operators";"Easy";"3-shot";"Using string operators, create a decorative banner by repeating the '-' character 10 times before and after the word ' GOAL '. Write a function buat_banner() that returns the resulting string.";"You have 23 pieces of cake to distribute equally among 5 children. Write a function bagi_kue() that returns a tuple containing the number of whole pieces each child receives and the remaining pieces using the floor division (//) and modulo (%) operators.";"A person is eligible to apply for a driving license if they are at least 17 years old and have passed the driving test. Given usia = 18 and lulus_ujian = True, write a function cek_sim() that returns whether the person is eligible.";1;"Sum and Product";"Given two numbers a = 7 and b = 4, write a function hitung_operasi() that returns a tuple containing their sum (using +) and their product (using *).";passed;"passed";NULL;NULL;"passed";NULL;NULL
"Operators-Easy-3-shot-1784635013523";"qwen/qwen3.7-plus";"Operators";"Easy";"3-shot";"Using string operators, create a decorative banner by repeating the '-' character 10 times before and after the word ' GOAL '. Write a function buat_banner() that returns the resulting string.";"You have 23 pieces of cake to distribute equally among 5 children. Write a function bagi_kue() that returns a tuple containing the number of whole pieces each child receives and the remaining pieces using the floor division (//) and modulo (%) operators.";"A person is eligible to apply for a driving license if they are at least 17 years old and have passed the driving test. Given usia = 18 and lulus_ujian = True, write a function cek_sim() that returns whether the person is eligible.";2;"Comfortable Temperature";"A room temperature is considered comfortable if it is greater than or equal to 20 and less than or equal to 25. Given suhu = 22, write a function cek_suhu() that returns True if the temperature is comfortable, and False otherwise using comparison operators.";passed;"passed";NULL;NULL;"passed";NULL;NULL
"Operators-Easy-3-shot-1784635013523";"qwen/qwen3.7-plus";"Operators";"Easy";"3-shot";"Using string operators, create a decorative banner by repeating the '-' character 10 times before and after the word ' GOAL '. Write a function buat_banner() that returns the resulting string.";"You have 23 pieces of cake to distribute equally among 5 children. Write a function bagi_kue() that returns a tuple containing the number of whole pieces each child receives and the remaining pieces using the floor division (//) and modulo (%) operators.";"A person is eligible to apply for a driving license if they are at least 17 years old and have passed the driving test. Given usia = 18 and lulus_ujian = True, write a function cek_sim() that returns whether the person is eligible.";3;"VIP Access";"A person is granted VIP access if they have a valid ticket (punya_tiket = True) AND they are wearing formal attire (pakaian_rapi = True), OR if they are a VIP member (anggota_vip = True). Given punya_tiket = True, pakaian_rapi = False, and anggota_vip = True, write a function cek_akses() that returns the access status using logical operators.";passed;"passed";NULL;NULL;"passed";NULL;NULL
"Operators-Easy-3-shot-1784635013523";"qwen/qwen3.7-plus";"Operators";"Easy";"3-shot";"Using string operators, create a decorative banner by repeating the '-' character 10 times before and after the word ' GOAL '. Write a function buat_banner() that returns the resulting string.";"You have 23 pieces of cake to distribute equally among 5 children. Write a function bagi_kue() that returns a tuple containing the number of whole pieces each child receives and the remaining pieces using the floor division (//) and modulo (%) operators.";"A person is eligible to apply for a driving license if they are at least 17 years old and have passed the driving test. Given usia = 18 and lulus_ujian = True, write a function cek_sim() that returns whether the person is eligible.";4;"Time Conversion";"Given a total of 135 seconds, write a function konversi_waktu() that uses the floor division (//) and modulo (%) operators to calculate and return a tuple of the equivalent minutes and remaining seconds.";passed;"passed";NULL;NULL;"passed";NULL;NULL
"Operators-Easy-3-shot-1784635013523";"qwen/qwen3.7-plus";"Operators";"Easy";"3-shot";"Using string operators, create a decorative banner by repeating the '-' character 10 times before and after the word ' GOAL '. Write a function buat_banner() that returns the resulting string.";"You have 23 pieces of cake to distribute equally among 5 children. Write a function bagi_kue() that returns a tuple containing the number of whole pieces each child receives and the remaining pieces using the floor division (//) and modulo (%) operators.";"A person is eligible to apply for a driving license if they are at least 17 years old and have passed the driving test. Given usia = 18 and lulus_ujian = True, write a function cek_sim() that returns whether the person is eligible.";5;"Square Area";"The area of a square is calculated by raising the side length to the power of 2. Given a side length sisi = 9, write a function hitung_luas() that uses the exponentiation operator (**) to return the area.";passed;"passed";NULL;NULL;"passed";NULL;NULL
"Variables-Easy-3-shot-1783880591649";"qwen/qwen3.7-plus";"Variables";"Easy";"3-shot";"Create three variables: nama (string), umur (integer), and tinggi (float). Assign them the values 'Budi', 20, and 1.7 respectively. Write a function profil_pengguna() that returns the sentence 'Nama saya Budi, umur 20 tahun, dan tinggi 1.7 meter.' using those variables.";"Declare three variables x, y, and z in a single line with the values 10, 20, and 30. Create another variable named total that stores the sum of x, y, and z. Write a function hitung_total() that returns total.";"The following variable names are invalid in Python: '1angka', 'nama depan', and 'class'. Rename them using valid snake_case variable names and assign the same values. Write a function perbaiki_variabel() that returns the values as a tuple in the order (angka_1, nama_depan, kelas_ku).";1;"Swap Variables";"Write a function swap_values(a, b) that takes two variables and returns their values swapped as a tuple.";passed;"passed";NULL;NULL;"passed";NULL;NULL
"Variables-Easy-3-shot-1783880591649";"qwen/qwen3.7-plus";"Variables";"Easy";"3-shot";"Create three variables: nama (string), umur (integer), and tinggi (float). Assign them the values 'Budi', 20, and 1.7 respectively. Write a function profil_pengguna() that returns the sentence 'Nama saya Budi, umur 20 tahun, dan tinggi 1.7 meter.' using those variables.";"Declare three variables x, y, and z in a single line with the values 10, 20, and 30. Create another variable named total that stores the sum of x, y, and z. Write a function hitung_total() that returns total.";"The following variable names are invalid in Python: '1angka', 'nama depan', and 'class'. Rename them using valid snake_case variable names and assign the same values. Write a function perbaiki_variabel() that returns the values as a tuple in the order (angka_1, nama_depan, kelas_ku).";2;"Update Counter";"Initialize a variable called count with the value 10. Increase it by 5, then multiply it by 2. Write a function update_counter() that returns the final value of count.";passed;"passed";NULL;NULL;"passed";NULL;NULL
"Variables-Easy-3-shot-1783880591649";"qwen/qwen3.7-plus";"Variables";"Easy";"3-shot";"Create three variables: nama (string), umur (integer), and tinggi (float). Assign them the values 'Budi', 20, and 1.7 respectively. Write a function profil_pengguna() that returns the sentence 'Nama saya Budi, umur 20 tahun, dan tinggi 1.7 meter.' using those variables.";"Declare three variables x, y, and z in a single line with the values 10, 20, and 30. Create another variable named total that stores the sum of x, y, and z. Write a function hitung_total() that returns total.";"The following variable names are invalid in Python: '1angka', 'nama depan', and 'class'. Rename them using valid snake_case variable names and assign the same values. Write a function perbaiki_variabel() that returns the values as a tuple in the order (angka_1, nama_depan, kelas_ku).";3;"Type Conversion";"Write a function convert_and_add(num_str) that takes a string variable representing a number, converts it to an integer variable, adds 15 to it, and returns the result.";passed;"passed";NULL;NULL;"passed";NULL;NULL
"Variables-Easy-3-shot-1783880591649";"qwen/qwen3.7-plus";"Variables";"Easy";"3-shot";"Create three variables: nama (string), umur (integer), and tinggi (float). Assign them the values 'Budi', 20, and 1.7 respectively. Write a function profil_pengguna() that returns the sentence 'Nama saya Budi, umur 20 tahun, dan tinggi 1.7 meter.' using those variables.";"Declare three variables x, y, and z in a single line with the values 10, 20, and 30. Create another variable named total that stores the sum of x, y, and z. Write a function hitung_total() that returns total.";"The following variable names are invalid in Python: '1angka', 'nama depan', and 'class'. Rename them using valid snake_case variable names and assign the same values. Write a function perbaiki_variabel() that returns the values as a tuple in the order (angka_1, nama_depan, kelas_ku).";4;"Rectangle Area";"Inside the function, create two variables: panjang (length) with a value of 8, and lebar (width) with a value of 5. Calculate the area by multiplying them and store it in a variable named luas. Return luas.";passed;"passed";NULL;NULL;"passed";NULL;NULL
"Variables-Easy-3-shot-1783880591649";"qwen/qwen3.7-plus";"Variables";"Easy";"3-shot";"Create three variables: nama (string), umur (integer), and tinggi (float). Assign them the values 'Budi', 20, and 1.7 respectively. Write a function profil_pengguna() that returns the sentence 'Nama saya Budi, umur 20 tahun, dan tinggi 1.7 meter.' using those variables.";"Declare three variables x, y, and z in a single line with the values 10, 20, and 30. Create another variable named total that stores the sum of x, y, and z. Write a function hitung_total() that returns total.";"The following variable names are invalid in Python: '1angka', 'nama depan', and 'class'. Rename them using valid snake_case variable names and assign the same values. Write a function perbaiki_variabel() that returns the values as a tuple in the order (angka_1, nama_depan, kelas_ku).";5;"String Concatenation";"Create two variables, kata1 with the value 'Hello' and kata2 with the value 'World'. Combine them with a space in between and store the result in a variable named kalimat. Return kalimat.";passed;"passed";NULL;NULL;"passed";NULL;NULL
"Conditionals-Medium-3-shot-1784514396923";"qwen/qwen3.7-plus";"Conditionals";"Medium";"3-shot";"Given a string s of length >= 20, extract the secret message by taking characters at index 0, 4, 8, and 12. Return the 4-character secret message. If the string is shorter than 20 characters, return an empty string.";"Given coefficients a, b, c of a quadratic function f(x) = ax^2 + bx + c, determine whether the function has an intersection with the x-axis. The discriminant D = b^2 - 4ac. If D >= 0, return 'memiliki titik potong dengan sumbu-x', otherwise return 'tidak memiliki titik potong dengan sumbu-x'.";"A bus will depart only if the number of passengers is between 50% and 75% of its capacity. Given capacity and passengers as integers, return 'berangkat' if the bus departs, 'tidak berangkat' otherwise.";1;"Leap Year Checker";"Determine if a given year is a leap year. A year is a leap year if it is divisible by 4. However, if it is divisible by 100, it is not a leap year, unless it is also divisible by 400. Return 'Leap Year' if it is a leap year, otherwise return 'Not a Leap Year'.";failed;"passed";NULL;NULL;"failed";"Classification mismatch: expected 'Medium' (level intermediate), got 'easy'";"The problem only requires basic conditional logic and the modulo operator to check divisibility. Most students will solve this quickly with just a few lines of code, as it is a standard beginner-level exercise."
"Conditionals-Medium-3-shot-1784514396923";"qwen/qwen3.7-plus";"Conditionals";"Medium";"3-shot";"Given a string s of length >= 20, extract the secret message by taking characters at index 0, 4, 8, and 12. Return the 4-character secret message. If the string is shorter than 20 characters, return an empty string.";"Given coefficients a, b, c of a quadratic function f(x) = ax^2 + bx + c, determine whether the function has an intersection with the x-axis. The discriminant D = b^2 - 4ac. If D >= 0, return 'memiliki titik potong dengan sumbu-x', otherwise return 'tidak memiliki titik potong dengan sumbu-x'.";"A bus will depart only if the number of passengers is between 50% and 75% of its capacity. Given capacity and passengers as integers, return 'berangkat' if the bus departs, 'tidak berangkat' otherwise.";2;"Triangle Classifier";"Given three side lengths (a, b, c) as positive numbers, first check if they can form a valid triangle (the sum of any two sides must be strictly greater than the third side). If valid, classify it as 'Equilateral' (all three sides equal), 'Isosceles' (exactly two sides equal), or 'Scalene' (no sides equal). If invalid, return 'Not a Triangle'.";failed;"passed";NULL;NULL;"failed";"Classification mismatch: expected 'Medium' (level intermediate), got 'easy'";"The problem only requires basic arithmetic comparisons and simple conditional statements (if/elif/else) to check the triangle inequality theorem and classify the triangle type. It can be solved in just a few lines of code, making it a standard beginner-level exercise for learning basic control flow."
"Conditionals-Medium-3-shot-1784514396923";"qwen/qwen3.7-plus";"Conditionals";"Medium";"3-shot";"Given a string s of length >= 20, extract the secret message by taking characters at index 0, 4, 8, and 12. Return the 4-character secret message. If the string is shorter than 20 characters, return an empty string.";"Given coefficients a, b, c of a quadratic function f(x) = ax^2 + bx + c, determine whether the function has an intersection with the x-axis. The discriminant D = b^2 - 4ac. If D >= 0, return 'memiliki titik potong dengan sumbu-x', otherwise return 'tidak memiliki titik potong dengan sumbu-x'.";"A bus will depart only if the number of passengers is between 50% and 75% of its capacity. Given capacity and passengers as integers, return 'berangkat' if the bus departs, 'tidak berangkat' otherwise.";3;"Tiered Shipping Cost";"Calculate the shipping cost based on the package weight (in kg) and membership status. The base cost is $5. If the weight is over 10 kg, add $2 for every additional kg over 10. If the user is a premium member (is_premium is True), they receive a 50% discount on the total calculated cost. Return the final cost as a float.";failed;"passed";NULL;NULL;"failed";"Classification mismatch: expected 'Medium' (level intermediate), got 'easy'";"This exercise only requires basic arithmetic and simple conditional statements (if/else). The logic is straightforward, involving a base fee, a single tiered weight condition, and a simple percentage discount. Most students will be able to solve this quickly with just a few lines of code."
"Conditionals-Medium-3-shot-1784514396923";"qwen/qwen3.7-plus";"Conditionals";"Medium";"3-shot";"Given a string s of length >= 20, extract the secret message by taking characters at index 0, 4, 8, and 12. Return the 4-character secret message. If the string is shorter than 20 characters, return an empty string.";"Given coefficients a, b, c of a quadratic function f(x) = ax^2 + bx + c, determine whether the function has an intersection with the x-axis. The discriminant D = b^2 - 4ac. If D >= 0, return 'memiliki titik potong dengan sumbu-x', otherwise return 'tidak memiliki titik potong dengan sumbu-x'.";"A bus will depart only if the number of passengers is between 50% and 75% of its capacity. Given capacity and passengers as integers, return 'berangkat' if the bus departs, 'tidak berangkat' otherwise.";4;"Blood Donation Eligibility";"Check if a person is eligible to donate blood based on their age, weight, and current health. The requirements are: age must be between 18 and 65 (inclusive), weight must be at least 50 kg, and they must not have a fever (has_fever is False). Return 'Eligible' if all conditions are met, otherwise return 'Not Eligible'.";failed;"passed";NULL;NULL;"failed";"Classification mismatch: expected 'Medium' (level intermediate), got 'easy'";"The problem only requires basic conditional logic (if/else statements) and simple comparison operators to check three straightforward conditions. It can be solved quickly in just a few lines of code, making it a standard beginner-level exercise."
"Conditionals-Medium-3-shot-1784514396923";"qwen/qwen3.7-plus";"Conditionals";"Medium";"3-shot";"Given a string s of length >= 20, extract the secret message by taking characters at index 0, 4, 8, and 12. Return the 4-character secret message. If the string is shorter than 20 characters, return an empty string.";"Given coefficients a, b, c of a quadratic function f(x) = ax^2 + bx + c, determine whether the function has an intersection with the x-axis. The discriminant D = b^2 - 4ac. If D >= 0, return 'memiliki titik potong dengan sumbu-x', otherwise return 'tidak memiliki titik potong dengan sumbu-x'.";"A bus will depart only if the number of passengers is between 50% and 75% of its capacity. Given capacity and passengers as integers, return 'berangkat' if the bus departs, 'tidak berangkat' otherwise.";5;"Internet Plan Recommender";"Recommend an internet plan based on monthly data usage (in GB) and the user's budget. If usage is 50 GB or less, recommend 'Basic'. If usage is between 51 and 200 GB, recommend 'Standard'. If usage is over 200 GB, recommend 'Premium'. However, if the user's budget is strictly less than $30, always recommend 'Basic' regardless of their usage. Return the recommended plan name as a string.";failed;"passed";NULL;NULL;"failed";"Classification mismatch: expected 'Medium' (level intermediate), got 'easy'";"This problem only requires basic conditional logic (if/elif/else statements) and simple comparison operators. It can be solved in just a few lines of code without the need for loops, complex data structures, or advanced algorithms, making it a straightforward exercise for beginners."
"Constants-Medium-3-shot-1784514586067";"qwen/qwen3.7-plus";"Constants";"Medium";"3-shot";"Import Final from typing. Declare BATAS_DISKON: Final = 0.3. Create a function terapkan_diskon(harga, persentase_diskon) that applies the discount. If persentase_diskon exceeds BATAS_DISKON, use BATAS_DISKON instead.";"Use collections.namedtuple to create a structure named Warna. Create constants MERAH = Warna(255,0,0), HIJAU = Warna(0,255,0), and BIRU = Warna(0,0,255). Write a function campur_warna(warna1, warna2) that returns a new RGB tuple containing the average value of each component.";"Create an Enum class named StatusPesanan with members DIPROSES = 1, DIKIRIM = 2, and SELESAI = 3. Create a function update_pesanan(status_saat_ini) that returns the next Enum member. If the status is SELESAI, return the string 'Pesanan sudah di tahap akhir'.";1;"Math Constants for Geometry";"Define constants PI = 3.14159 and GRAVITY = 9.8. Write a function hitung_luas_lingkaran(radius) that returns the area of a circle using the PI constant.";failed;"passed";NULL;NULL;"failed";"Classification mismatch: expected 'Medium' (level intermediate), got 'easy'";"The exercise only requires implementing a simple mathematical formula (the area of a circle) inside a provided function stub. It involves basic arithmetic operations and returning a value, which can be accomplished in just one line of code. Most beginners will be able to solve this problem very quickly."
"Constants-Medium-3-shot-1784514586067";"qwen/qwen3.7-plus";"Constants";"Medium";"3-shot";"Import Final from typing. Declare BATAS_DISKON: Final = 0.3. Create a function terapkan_diskon(harga, persentase_diskon) that applies the discount. If persentase_diskon exceeds BATAS_DISKON, use BATAS_DISKON instead.";"Use collections.namedtuple to create a structure named Warna. Create constants MERAH = Warna(255,0,0), HIJAU = Warna(0,255,0), and BIRU = Warna(0,0,255). Write a function campur_warna(warna1, warna2) that returns a new RGB tuple containing the average value of each component.";"Create an Enum class named StatusPesanan with members DIPROSES = 1, DIKIRIM = 2, and SELESAI = 3. Create a function update_pesanan(status_saat_ini) that returns the next Enum member. If the status is SELESAI, return the string 'Pesanan sudah di tahap akhir'.";2;"Tax Calculation Constants";"Define constants PPN = 0.11 and PPH = 0.05. Write a function hitung_pajak_total(penghasilan) that calculates the total tax. Assume PPH is applied to the gross income, and PPN is applied to the income after PPH is deducted.";failed;"passed";NULL;NULL;"failed";"Classification mismatch: expected 'Medium' (level intermediate), got 'easy'";"The exercise requires only basic arithmetic operations and a simple function definition. Students just need to translate a straightforward mathematical formula into a few lines of code, without needing any complex logic, loops, conditionals, or advanced data structures. Most beginners will be able to solve this quickly."
"Constants-Medium-3-shot-1784514586067";"qwen/qwen3.7-plus";"Constants";"Medium";"3-shot";"Import Final from typing. Declare BATAS_DISKON: Final = 0.3. Create a function terapkan_diskon(harga, persentase_diskon) that applies the discount. If persentase_diskon exceeds BATAS_DISKON, use BATAS_DISKON instead.";"Use collections.namedtuple to create a structure named Warna. Create constants MERAH = Warna(255,0,0), HIJAU = Warna(0,255,0), and BIRU = Warna(0,0,255). Write a function campur_warna(warna1, warna2) that returns a new RGB tuple containing the average value of each component.";"Create an Enum class named StatusPesanan with members DIPROSES = 1, DIKIRIM = 2, and SELESAI = 3. Create a function update_pesanan(status_saat_ini) that returns the next Enum member. If the status is SELESAI, return the string 'Pesanan sudah di tahap akhir'.";3;"Einstein's Mass-Energy Constants";"Define the constant C = 299792458 (speed of light in m/s). Write a function hitung_energi(massa) that returns the rest energy using the formula E = m * C^2.";failed;"passed";NULL;NULL;"failed";"Classification mismatch: expected 'Medium' (level intermediate), got 'easy'";"The exercise only requires defining a constant and writing a simple function that applies a basic mathematical formula (E = m * C^2). It involves fundamental programming concepts like variable assignment, function definition, and basic arithmetic, which can be solved quickly in just one or two lines of code by beginners."
"Constants-Medium-3-shot-1784514586067";"qwen/qwen3.7-plus";"Constants";"Medium";"3-shot";"Import Final from typing. Declare BATAS_DISKON: Final = 0.3. Create a function terapkan_diskon(harga, persentase_diskon) that applies the discount. If persentase_diskon exceeds BATAS_DISKON, use BATAS_DISKON instead.";"Use collections.namedtuple to create a structure named Warna. Create constants MERAH = Warna(255,0,0), HIJAU = Warna(0,255,0), and BIRU = Warna(0,0,255). Write a function campur_warna(warna1, warna2) that returns a new RGB tuple containing the average value of each component.";"Create an Enum class named StatusPesanan with members DIPROSES = 1, DIKIRIM = 2, and SELESAI = 3. Create a function update_pesanan(status_saat_ini) that returns the next Enum member. If the status is SELESAI, return the string 'Pesanan sudah di tahap akhir'.";4;"Speed Limit Final Constants";"Import Final from typing. Define BATAS_KECEPATAN: Final = 100. Write a function hitung_waktu_tempuh(jarak, kecepatan) that calculates the time taken. If kecepatan exceeds BATAS_KECEPATAN, cap it at BATAS_KECEPATAN. Return the time as jarak / kecepatan.";failed;"passed";NULL;NULL;"failed";"Classification mismatch: expected 'Medium' (level intermediate), got 'easy'";"The exercise requires only basic arithmetic (division) and a simple conditional check (or the built-in `min` function) to cap the speed at a constant value. The solution can be written in just a few lines of code, making it a straightforward task for beginners learning basic syntax, simple logic, and constants."
"Constants-Medium-3-shot-1784514586067";"qwen/qwen3.7-plus";"Constants";"Medium";"3-shot";"Import Final from typing. Declare BATAS_DISKON: Final = 0.3. Create a function terapkan_diskon(harga, persentase_diskon) that applies the discount. If persentase_diskon exceeds BATAS_DISKON, use BATAS_DISKON instead.";"Use collections.namedtuple to create a structure named Warna. Create constants MERAH = Warna(255,0,0), HIJAU = Warna(0,255,0), and BIRU = Warna(0,0,255). Write a function campur_warna(warna1, warna2) that returns a new RGB tuple containing the average value of each component.";"Create an Enum class named StatusPesanan with members DIPROSES = 1, DIKIRIM = 2, and SELESAI = 3. Create a function update_pesanan(status_saat_ini) that returns the next Enum member. If the status is SELESAI, return the string 'Pesanan sudah di tahap akhir'.";5;"Enum Constants for Days";"Create an Enum class named Hari with constants SENIN=1, SELASA=2, RABU=3, KAMIS=4, JUMAT=5, SABTU=6, MINGGU=7. Write a function hari_kerja(hari) that returns True if the day is between SENIN and JUMAT (inclusive), and False otherwise.";failed;"passed";NULL;NULL;"failed";"Classification mismatch: expected 'Medium' (level intermediate), got 'easy'";"The problem requires only a basic understanding of Python's Enum class and simple conditional logic or set membership to check if a given day is a weekday. The implementation takes only a few lines of code, and the Enum definition is already provided in the stub, making it a quick and straightforward task that most students will solve easily."
"Expressions-Medium-3-shot-1784515138997";"qwen/qwen3.7-plus";"Expressions";"Medium";"3-shot";"Given the list angka = [1, 2, 3, 4, 5], use a list comprehension to create a new list containing only the squares of the even numbers. Write a function kuadrat_genap() that returns the new list.";"Create a lambda expression that multiplies two numbers and stores it in a variable named kali. Write a function hasil_perkalian() that uses the lambda expression to multiply 7 and 8, then returns the result.";"Create a variable nilai = 75. Write a function cek_kelulusan() that uses a ternary conditional expression to return 'Lulus' if nilai is greater than or equal to 70, otherwise return 'Gagal'.";1;"Complex Boolean Expression";"Given a variable tahun = 2024, write a function cek_kabisat() that evaluates a single complex boolean expression to determine if the year is a leap year. A year is a leap year if it is divisible by 4, except for end-of-century years, which must be divisible by 400. Return True if it is a leap year, and False otherwise.";failed;"passed";NULL;NULL;"failed";"Classification mismatch: expected 'Medium' (level intermediate), got 'easy'";"The problem requires writing a single boolean expression using modulo and logical operators to check leap year conditions. It can be solved with just one or two lines of code. Since it relies on fundamental beginner concepts and requires very little code, most students will be able to solve it quickly."
"Expressions-Medium-3-shot-1784515138997";"qwen/qwen3.7-plus";"Expressions";"Medium";"3-shot";"Given the list angka = [1, 2, 3, 4, 5], use a list comprehension to create a new list containing only the squares of the even numbers. Write a function kuadrat_genap() that returns the new list.";"Create a lambda expression that multiplies two numbers and stores it in a variable named kali. Write a function hasil_perkalian() that uses the lambda expression to multiply 7 and 8, then returns the result.";"Create a variable nilai = 75. Write a function cek_kelulusan() that uses a ternary conditional expression to return 'Lulus' if nilai is greater than or equal to 70, otherwise return 'Gagal'.";2;"Formatted String Expression";"Given variables nama = 'Budi', umur = 20, and tinggi = 175.5. Write a function buat_profil() that uses an f-string expression to return a formatted string exactly as follows: 'Nama: Budi, Umur: 20, Tinggi: 175.50 cm'. Ensure the tinggi variable is formatted to exactly two decimal places in the expression.";failed;"passed";NULL;NULL;"failed";"Classification mismatch: expected 'Medium' (level intermediate), got 'easy'";"The problem only requires basic knowledge of Python functions and f-strings. Students simply need to define a function and return a single formatted string using a standard floating-point precision specifier (e.g., `:.2f`). It can be solved very quickly with just a couple of lines of code."
"Expressions-Medium-3-shot-1784515138997";"qwen/qwen3.7-plus";"Expressions";"Medium";"3-shot";"Given the list angka = [1, 2, 3, 4, 5], use a list comprehension to create a new list containing only the squares of the even numbers. Write a function kuadrat_genap() that returns the new list.";"Create a lambda expression that multiplies two numbers and stores it in a variable named kali. Write a function hasil_perkalian() that uses the lambda expression to multiply 7 and 8, then returns the result.";"Create a variable nilai = 75. Write a function cek_kelulusan() that uses a ternary conditional expression to return 'Lulus' if nilai is greater than or equal to 70, otherwise return 'Gagal'.";3;"Generator Expression Average";"Given a list of dictionaries representing students: siswa = [{'nama': 'Andi', 'nilai': 80}, {'nama': 'Budi', 'nilai': 60}, {'nama': 'Cici', 'nilai': 90}, {'nama': 'Dedi', 'nilai': 70}]. Write a function rata_rata_lulus() that uses generator expressions inside the sum() function to calculate the average score of only the students who passed (nilai >= 70). Return the average as a float.";failed;"passed";NULL;NULL;"failed";"Classification mismatch: expected 'Medium' (level intermediate), got 'easy'";"The exercise requires only a few lines of code and tests fundamental Python concepts such as dictionary value extraction, conditional filtering, and generator expressions. Calculating a basic average from a filtered dataset is a straightforward task that most students will be able to solve quickly once they understand the syntax for generator expressions."
"Expressions-Medium-3-shot-1784515138997";"qwen/qwen3.7-plus";"Expressions";"Medium";"3-shot";"Given the list angka = [1, 2, 3, 4, 5], use a list comprehension to create a new list containing only the squares of the even numbers. Write a function kuadrat_genap() that returns the new list.";"Create a lambda expression that multiplies two numbers and stores it in a variable named kali. Write a function hasil_perkalian() that uses the lambda expression to multiply 7 and 8, then returns the result.";"Create a variable nilai = 75. Write a function cek_kelulusan() that uses a ternary conditional expression to return 'Lulus' if nilai is greater than or equal to 70, otherwise return 'Gagal'.";4;"Dictionary Comprehension Expression";"Given a list of words: kata_kunci = ['python', 'java', 'c++', 'javascript']. Write a function hitung_vokal() that uses a dictionary comprehension expression to create a dictionary where the keys are the words and the values are the count of vowels ('a', 'i', 'u', 'e', 'o') in each word. Return the resulting dictionary.";failed;"passed";NULL;NULL;"failed";"Classification mismatch: expected 'Medium' (level intermediate), got 'easy'";"The problem requires basic string manipulation and the direct application of a dictionary comprehension. Students can solve this quickly in just one or two lines of code by combining the comprehension with simple counting logic (such as a generator expression or the string count method). It does not require complex algorithmic thinking, nested data structures, or extensive code, making it a straightforward syntax exercise for those learning Pythonic constructs."
"Expressions-Medium-3-shot-1784515138997";"qwen/qwen3.7-plus";"Expressions";"Medium";"3-shot";"Given the list angka = [1, 2, 3, 4, 5], use a list comprehension to create a new list containing only the squares of the even numbers. Write a function kuadrat_genap() that returns the new list.";"Create a lambda expression that multiplies two numbers and stores it in a variable named kali. Write a function hasil_perkalian() that uses the lambda expression to multiply 7 and 8, then returns the result.";"Create a variable nilai = 75. Write a function cek_kelulusan() that uses a ternary conditional expression to return 'Lulus' if nilai is greater than or equal to 70, otherwise return 'Gagal'.";5;"Nested List Comprehension Expression";"Given a 2D list (matrix) with varying row lengths: matriks = [[1, 2, 3], [4, 5], [6, 7, 8, 9]]. Write a function ratakan_matriks() that uses a single nested list comprehension expression to flatten this 2D list into a 1D list containing all the elements in order. Return the flattened list.";passed;"passed";NULL;NULL;"passed";NULL;NULL
"Input/Output-Medium-3-shot-1784515397414";"qwen/qwen3.7-plus";"Input/Output";"Medium";"3-shot";"Given a list of strings, write a function gabung_data(data) that returns a single string where every element is separated by ' | ' and ends with a period. For example, ['Apel', 'Jeruk', 'Mangga'] should become 'Apel | Jeruk | Mangga.'.";"Write a function tulis_catatan(filename) that creates or overwrites a text file using a context manager. The function should write two lines: 'Baris Pertama' and 'Baris Kedua'. Return True after successfully writing the file.";"Write a function baca_catatan(filename) that opens a text file using a context manager, reads each line, removes trailing newline characters, and returns the lines as a list of strings.";1;"Format Tabular Output";"Given a list of tuples containing (name, age, score), return a single string where each tuple is formatted on a new line. The name should be left-aligned in 15 characters, the age right-aligned in 5 characters, and the score right-aligned in 6 characters with 2 decimal places.";failed;"failed";"Test case 2 raised an exception: SyntaxError: unterminated string literal (detected at line 1) (<string>, line 1)";"Unit test failed: Test case 2 raised an exception: SyntaxError: unterminated string literal (detected at line 1) (<string>, line 1)";NULL;NULL;NULL
"Input/Output-Medium-3-shot-1784515397414";"qwen/qwen3.7-plus";"Input/Output";"Medium";"3-shot";"Given a list of strings, write a function gabung_data(data) that returns a single string where every element is separated by ' | ' and ends with a period. For example, ['Apel', 'Jeruk', 'Mangga'] should become 'Apel | Jeruk | Mangga.'.";"Write a function tulis_catatan(filename) that creates or overwrites a text file using a context manager. The function should write two lines: 'Baris Pertama' and 'Baris Kedua'. Return True after successfully writing the file.";"Write a function baca_catatan(filename) that opens a text file using a context manager, reads each line, removes trailing newline characters, and returns the lines as a list of strings.";2;"Filter and Write Log Errors";"Write a function extract_errors(input_file, output_file) that reads input_file line by line. Write only the lines containing the exact substring 'ERROR' to output_file. Return the number of error lines written.";failed;"passed";NULL;NULL;"failed";"Classification mismatch: expected 'Medium' (level intermediate), got 'easy'";"This problem only requires basic file I/O operations (reading from and writing to files) and simple string matching. It can be solved quickly with just a few lines of code using a standard loop and an if-statement, making it highly accessible for beginners."
"Input/Output-Medium-3-shot-1784515397414";"qwen/qwen3.7-plus";"Input/Output";"Medium";"3-shot";"Given a list of strings, write a function gabung_data(data) that returns a single string where every element is separated by ' | ' and ends with a period. For example, ['Apel', 'Jeruk', 'Mangga'] should become 'Apel | Jeruk | Mangga.'.";"Write a function tulis_catatan(filename) that creates or overwrites a text file using a context manager. The function should write two lines: 'Baris Pertama' and 'Baris Kedua'. Return True after successfully writing the file.";"Write a function baca_catatan(filename) that opens a text file using a context manager, reads each line, removes trailing newline characters, and returns the lines as a list of strings.";3;"Parse Configuration File";"Write a function parse_config(filename) that reads a text file where each line contains a key-value pair separated by an equals sign (e.g., 'key=value'). Ignore empty lines and lines that do not contain an equals sign. Return a dictionary of the parsed keys and values as strings.";failed;"passed";NULL;NULL;"failed";"Classification mismatch: expected 'Medium' (level intermediate), got 'easy'";"The problem requires only fundamental Python concepts such as basic file I/O, simple string splitting, and dictionary operations. It can be solved quickly with just a few lines of code using a standard loop, making it a straightforward task for beginners."
"Input/Output-Medium-3-shot-1784515397414";"qwen/qwen3.7-plus";"Input/Output";"Medium";"3-shot";"Given a list of strings, write a function gabung_data(data) that returns a single string where every element is separated by ' | ' and ends with a period. For example, ['Apel', 'Jeruk', 'Mangga'] should become 'Apel | Jeruk | Mangga.'.";"Write a function tulis_catatan(filename) that creates or overwrites a text file using a context manager. The function should write two lines: 'Baris Pertama' and 'Baris Kedua'. Return True after successfully writing the file.";"Write a function baca_catatan(filename) that opens a text file using a context manager, reads each line, removes trailing newline characters, and returns the lines as a list of strings.";4;"Read Binary File as Hex";"Write a function read_hex_file(filename) that opens a file in binary read mode ('rb'), reads its raw bytes, and returns a single string representing the hexadecimal representation of those bytes. Each byte's hex value should be uppercase and separated by a single space.";failed;"passed";NULL;NULL;"failed";"Classification mismatch: expected 'Medium' (level intermediate), got 'easy'";"The problem requires basic file I/O operations (reading a file in binary mode) and simple data formatting (converting bytes to an uppercase, space-separated hexadecimal string). It can be solved quickly in just a few lines of code using built-in Python methods, making it straightforward for most students to implement."
"Input/Output-Medium-3-shot-1784515397414";"qwen/qwen3.7-plus";"Input/Output";"Medium";"3-shot";"Given a list of strings, write a function gabung_data(data) that returns a single string where every element is separated by ' | ' and ends with a period. For example, ['Apel', 'Jeruk', 'Mangga'] should become 'Apel | Jeruk | Mangga.'.";"Write a function tulis_catatan(filename) that creates or overwrites a text file using a context manager. The function should write two lines: 'Baris Pertama' and 'Baris Kedua'. Return True after successfully writing the file.";"Write a function baca_catatan(filename) that opens a text file using a context manager, reads each line, removes trailing newline characters, and returns the lines as a list of strings.";5;"Merge and Write JSON";"Write a function merge_json(file1, file2, output_file) that reads two JSON files. Each file contains a JSON array of integers. Merge the two lists into a single list, sort it in ascending order, and write the result to output_file as a formatted JSON array with an indent of 2 spaces. Return the sorted merged list.";failed;"passed";NULL;NULL;"failed";"Classification mismatch: expected 'Medium' (level intermediate), got 'easy'";"This problem can be solved quickly with just a few lines of code. It only requires basic knowledge of Python's standard `json` module for reading and writing files, along with simple list operations (concatenation and sorting), without needing any complex logic or algorithms."
"Loop-Medium-3-shot-1784515606174";"qwen/qwen3.7-plus";"Loop";"Medium";"3-shot";"A volcano erupts alternately every x years and y years (x < y). Given n total years, count how many times the volcano erupts. The first eruption is after x years, the second after y more years, the third after x more years, and so on.";"Given a list of rectangles where each rectangle is [length, width], return a list of tuples (area, perimeter) for each rectangle. Area = length * width, Perimeter = 2 * (length + width).";"Given an integer n, return the sum of the first n positive even numbers. For example, if n=5, the first 5 even numbers are 2, 4, 6, 8, 10 and their sum is 30.";1;"Multiplication Matrix";"Given an integer n, generate an n x n multiplication table represented as a list of lists. The element at row i and column j (0-indexed) should be (i + 1) * (j + 1). Use nested loops to construct the matrix.";failed;"passed";NULL;NULL;"failed";"Classification mismatch: expected 'Medium' (level intermediate), got 'easy'";"The problem only requires basic knowledge of nested loops, list manipulation, and simple arithmetic. Constructing a 2D list in this manner is a standard introductory exercise that most students will be able to solve quickly with just a few lines of straightforward code."
"Loop-Medium-3-shot-1784515606174";"qwen/qwen3.7-plus";"Loop";"Medium";"3-shot";"A volcano erupts alternately every x years and y years (x < y). Given n total years, count how many times the volcano erupts. The first eruption is after x years, the second after y more years, the third after x more years, and so on.";"Given a list of rectangles where each rectangle is [length, width], return a list of tuples (area, perimeter) for each rectangle. Area = length * width, Perimeter = 2 * (length + width).";"Given an integer n, return the sum of the first n positive even numbers. For example, if n=5, the first 5 even numbers are 2, 4, 6, 8, 10 and their sum is 30.";2;"Collatz Sequence Steps";"The Collatz conjecture states that for any positive integer n, if n is even, divide it by 2; if n is odd, multiply it by 3 and add 1. Repeat this process using a loop until n becomes 1. Write a function that takes a positive integer n and returns the number of steps required to reach 1.";failed;"passed";NULL;NULL;"failed";"Classification mismatch: expected 'Medium' (level intermediate), got 'easy'";"This problem only requires basic control flow structures, specifically a `while` loop and an `if/else` conditional statement. The logic is straightforward and explicitly outlined in the problem description. It can be solved in just a few lines of code by maintaining a simple step counter, meaning most beginners will be able to write the solution quickly."
"Loop-Medium-3-shot-1784515606174";"qwen/qwen3.7-plus";"Loop";"Medium";"3-shot";"A volcano erupts alternately every x years and y years (x < y). Given n total years, count how many times the volcano erupts. The first eruption is after x years, the second after y more years, the third after x more years, and so on.";"Given a list of rectangles where each rectangle is [length, width], return a list of tuples (area, perimeter) for each rectangle. Area = length * width, Perimeter = 2 * (length + width).";"Given an integer n, return the sum of the first n positive even numbers. For example, if n=5, the first 5 even numbers are 2, 4, 6, 8, 10 and their sum is 30.";3;"First Adjacent Sum";"Given a list of integers and a target sum, find the first pair of adjacent elements (next to each other in the list) that add up to the target sum. Iterate through the loop and return their indices as a list [i, i+1]. If no such pair exists, return [-1, -1].";failed;"passed";NULL;NULL;"failed";"Classification mismatch: expected 'Medium' (level intermediate), got 'easy'";"This problem requires only fundamental programming concepts such as a single loop, basic list indexing, and a simple conditional statement. Students can solve it quickly by iterating through the list and checking if adjacent elements sum to the target, resulting in a short and straightforward solution of just a few lines of code."
"Loop-Medium-3-shot-1784515606174";"qwen/qwen3.7-plus";"Loop";"Medium";"3-shot";"A volcano erupts alternately every x years and y years (x < y). Given n total years, count how many times the volcano erupts. The first eruption is after x years, the second after y more years, the third after x more years, and so on.";"Given a list of rectangles where each rectangle is [length, width], return a list of tuples (area, perimeter) for each rectangle. Area = length * width, Perimeter = 2 * (length + width).";"Given an integer n, return the sum of the first n positive even numbers. For example, if n=5, the first 5 even numbers are 2, 4, 6, 8, 10 and their sum is 30.";4;"Run Length Encoding";"Implement a function that performs Run Length Encoding on a given string using a loop. For each consecutive sequence of the same character, append the character followed by its count. For example, 'aaabbc' becomes 'a3b2c1'.";failed;"passed";NULL;NULL;"failed";"Classification mismatch: expected 'Medium' (level intermediate), got 'easy'";"This is a classic introductory string manipulation and algorithmic problem. It requires a single loop, basic conditional statements, and simple state tracking (keeping track of the current character and its count). Most students will be able to figure out the logic and write the solution quickly in about 10 to 15 lines of code, which perfectly aligns with the criteria for an easy problem."
"Loop-Medium-3-shot-1784515606174";"qwen/qwen3.7-plus";"Loop";"Medium";"3-shot";"A volcano erupts alternately every x years and y years (x < y). Given n total years, count how many times the volcano erupts. The first eruption is after x years, the second after y more years, the third after x more years, and so on.";"Given a list of rectangles where each rectangle is [length, width], return a list of tuples (area, perimeter) for each rectangle. Area = length * width, Perimeter = 2 * (length + width).";"Given an integer n, return the sum of the first n positive even numbers. For example, if n=5, the first 5 even numbers are 2, 4, 6, 8, 10 and their sum is 30.";5;"Prime Factorization";"Given an integer n greater than 1, return a list of its prime factors in non-decreasing order. Use loops to continuously divide the number by its smallest prime factor until the number becomes 1. For example, the prime factors of 12 are 2, 2, and 3, so the function should return [2, 2, 3].";failed;"passed";NULL;NULL;"failed";"Classification mismatch: expected 'Medium' (level intermediate), got 'easy'";"This exercise requires only fundamental programming concepts such as loops, conditional statements, and basic list operations. The problem description even hints at the exact algorithm to use (repeatedly dividing by the smallest factor), making the logic straightforward. It can be implemented in just a few lines of code, and most students will be able to solve it quickly."
"Operators-Medium-3-shot-1784515830408";"qwen/qwen3.7-plus";"Operators";"Medium";"3-shot";"Python evaluates operators based on precedence rules. Write a function operator_precedence() that calculates the values of the expressions -2 ** 4 and (-2) ** 4, then returns both results as a tuple.";"Given input_user = '', use the logical or operator to assign a default value of 'Guest' when input_user is empty. Write a function nama_tampilan() that returns the display name.";"Create two separate lists: list_x = [1, 2, 3] and list_y = [1, 2, 3]. Write a function cek_list() that returns a tuple containing the results of list_x == list_y and list_x is list_y.";1;"Bitwise Operations";"Write a function bitwise_ops(a, b) that takes two integers and returns a tuple containing the results of their bitwise AND, bitwise OR, and bitwise XOR operations, in that order.";failed;"passed";NULL;NULL;"failed";"Classification mismatch: expected 'Medium' (level intermediate), got 'easy'";"The problem only requires basic knowledge of Python's bitwise operators (&, |, ^) and how to return a tuple. The solution can be written in a single line of code, making it very quick and straightforward for most students to solve."
"Operators-Medium-3-shot-1784515830408";"qwen/qwen3.7-plus";"Operators";"Medium";"3-shot";"Python evaluates operators based on precedence rules. Write a function operator_precedence() that calculates the values of the expressions -2 ** 4 and (-2) ** 4, then returns both results as a tuple.";"Given input_user = '', use the logical or operator to assign a default value of 'Guest' when input_user is empty. Write a function nama_tampilan() that returns the display name.";"Create two separate lists: list_x = [1, 2, 3] and list_y = [1, 2, 3]. Write a function cek_list() that returns a tuple containing the results of list_x == list_y and list_x is list_y.";2;"Floor Division and Modulo";"Write a function calculate_divmod(total_items, box_capacity) that uses the divmod() built-in function (which utilizes floor division and modulo operators) to return a tuple of the quotient and remainder when total_items is divided by box_capacity.";failed;"passed";NULL;NULL;"failed";"Classification mismatch: expected 'Medium' (level intermediate), got 'easy'";"The problem simply requires wrapping a single built-in function (`divmod()`) inside a basic function definition and returning the result. It involves minimal logic, no complex control flow, and can be solved in just one line of code, making it a very quick and straightforward task for most students."
"Operators-Medium-3-shot-1784515830408";"qwen/qwen3.7-plus";"Operators";"Medium";"3-shot";"Python evaluates operators based on precedence rules. Write a function operator_precedence() that calculates the values of the expressions -2 ** 4 and (-2) ** 4, then returns both results as a tuple.";"Given input_user = '', use the logical or operator to assign a default value of 'Guest' when input_user is empty. Write a function nama_tampilan() that returns the display name.";"Create two separate lists: list_x = [1, 2, 3] and list_y = [1, 2, 3]. Write a function cek_list() that returns a tuple containing the results of list_x == list_y and list_x is list_y.";3;"Chained Comparison";"Write a function is_in_range(value, lower, upper) that uses Python's chained comparison operators to check if value is greater than or equal to lower AND less than or equal to upper. Return True if it is in the inclusive range, and False otherwise.";failed;"passed";NULL;NULL;"failed";"Classification mismatch: expected 'Medium' (level intermediate), got 'easy'";"This exercise requires only a single line of logic using a basic Python syntax feature (chained comparisons, such as `lower <= value <= upper`). It involves no complex algorithms, loops, or data structures, meaning most students will be able to write the solution very quickly."
"Operators-Medium-3-shot-1784515830408";"qwen/qwen3.7-plus";"Operators";"Medium";"3-shot";"Python evaluates operators based on precedence rules. Write a function operator_precedence() that calculates the values of the expressions -2 ** 4 and (-2) ** 4, then returns both results as a tuple.";"Given input_user = '', use the logical or operator to assign a default value of 'Guest' when input_user is empty. Write a function nama_tampilan() that returns the display name.";"Create two separate lists: list_x = [1, 2, 3] and list_y = [1, 2, 3]. Write a function cek_list() that returns a tuple containing the results of list_x == list_y and list_x is list_y.";4;"Ternary Conditional Operator";"Write a function check_even_odd(n) that uses Python's ternary conditional operator (inline if-else) to return the string 'Even' if n is divisible by 2, and 'Odd' otherwise.";failed;"passed";NULL;NULL;"failed";"Classification mismatch: expected 'Medium' (level intermediate), got 'easy'";"The exercise requires only a single line of code using the modulo operator and Python's basic ternary conditional syntax. It involves no complex logic, loops, or advanced data structures, making it a straightforward task that most students will be able to solve very quickly."
"Operators-Medium-3-shot-1784515830408";"qwen/qwen3.7-plus";"Operators";"Medium";"3-shot";"Python evaluates operators based on precedence rules. Write a function operator_precedence() that calculates the values of the expressions -2 ** 4 and (-2) ** 4, then returns both results as a tuple.";"Given input_user = '', use the logical or operator to assign a default value of 'Guest' when input_user is empty. Write a function nama_tampilan() that returns the display name.";"Create two separate lists: list_x = [1, 2, 3] and list_y = [1, 2, 3]. Write a function cek_list() that returns a tuple containing the results of list_x == list_y and list_x is list_y.";5;"Walrus Operator";"Write a function process_data(data_list) that uses the walrus operator (:=) to assign the length of data_list to a variable named n within an if statement. If n is greater than 3, return the entire data_list. Otherwise, return an empty list.";failed;"passed";NULL;NULL;"failed";"Classification mismatch: expected 'Medium' (level intermediate), got 'easy'";"This problem can be solved quickly with just a few lines of code. It tests a single, specific syntax feature (the walrus operator) within a basic conditional statement, requiring minimal logic and straightforward implementation."
"Variables-Medium-3-shot-1784516004125";"qwen/qwen3.7-plus";"Variables";"Medium";"3-shot";"Create a global variable saldo with the value 50000. Write a function tambah_saldo(jumlah) that uses the global keyword to add jumlah to saldo and returns the updated saldo.";"Given two variables a = 15 and b = 85, swap their values in a single line without using a temporary variable. Write a function tukar_nilai() that returns the swapped values as a tuple (a, b).";"Create list_A = [1, 2, 3]. Create list_B as a true copy of list_A (not just another reference). Append the value 4 to list_B. Write a function salin_list() that returns both lists as a tuple (list_A, list_B).";1;"Advanced Variable Unpacking";"Given a list of numbers nums = [10, 20, 30, 40, 50], unpack the first element into a variable first, the last element into last, and the remaining elements into a list middle. Write a function unpack_variables() that returns a tuple (first, middle, last).";failed;"passed";NULL;NULL;"failed";"Classification mismatch: expected 'Medium' (level intermediate), got 'easy'";"The exercise requires only a few lines of code and tests a specific but straightforward Python feature: iterable unpacking with the asterisk (*) operator. Since the list is hardcoded inside the function and the logic is minimal, most students will be able to write the solution quickly once they know or look up the syntax."
"Variables-Medium-3-shot-1784516004125";"qwen/qwen3.7-plus";"Variables";"Medium";"3-shot";"Create a global variable saldo with the value 50000. Write a function tambah_saldo(jumlah) that uses the global keyword to add jumlah to saldo and returns the updated saldo.";"Given two variables a = 15 and b = 85, swap their values in a single line without using a temporary variable. Write a function tukar_nilai() that returns the swapped values as a tuple (a, b).";"Create list_A = [1, 2, 3]. Create list_B as a true copy of list_A (not just another reference). Append the value 4 to list_B. Write a function salin_list() that returns both lists as a tuple (list_A, list_B).";2;"Modifying Enclosing Variable";"Create an outer function counter() that initializes a variable count = 0. Inside it, define an inner function increment() that uses the nonlocal keyword to increase count by 1 and return the new count. The counter() function should return the increment function. Write a function test_nonlocal() that calls counter(), calls the returned function 3 times, and returns the final value of count.";failed;"passed";NULL;NULL;"failed";"Classification mismatch: expected 'Medium' (level intermediate), got 'easy'";"The exercise provides clear, step-by-step instructions and explicitly mentions the specific keyword (`nonlocal`) needed to solve it. It requires only a few lines of code and does not involve complex logic or algorithm design, meaning most students will be able to translate the instructions into code very quickly."
"Variables-Medium-3-shot-1784516004125";"qwen/qwen3.7-plus";"Variables";"Medium";"3-shot";"Create a global variable saldo with the value 50000. Write a function tambah_saldo(jumlah) that uses the global keyword to add jumlah to saldo and returns the updated saldo.";"Given two variables a = 15 and b = 85, swap their values in a single line without using a temporary variable. Write a function tukar_nilai() that returns the swapped values as a tuple (a, b).";"Create list_A = [1, 2, 3]. Create list_B as a true copy of list_A (not just another reference). Append the value 4 to list_B. Write a function salin_list() that returns both lists as a tuple (list_A, list_B).";3;"Simultaneous Variable Reassignment";"Write a function fibonacci_vars(n) that calculates the nth Fibonacci number using simultaneous variable reassignment. Initialize two variables a = 0 and b = 1. In a loop, reassign them simultaneously (a, b = b, a + b) n times. Return the final value of the variable a.";failed;"passed";NULL;NULL;"failed";"Classification mismatch: expected 'Medium' (level intermediate), got 'easy'";"The exercise explicitly provides the algorithm and the exact Python syntax needed to solve it. It only requires a basic understanding of loops and variable assignment, and the solution is very short, consisting of just a few lines of code that directly translate the given instructions. Most students will be able to write this quickly."
"Variables-Medium-3-shot-1784516004125";"qwen/qwen3.7-plus";"Variables";"Medium";"3-shot";"Create a global variable saldo with the value 50000. Write a function tambah_saldo(jumlah) that uses the global keyword to add jumlah to saldo and returns the updated saldo.";"Given two variables a = 15 and b = 85, swap their values in a single line without using a temporary variable. Write a function tukar_nilai() that returns the swapped values as a tuple (a, b).";"Create list_A = [1, 2, 3]. Create list_B as a true copy of list_A (not just another reference). Append the value 4 to list_B. Write a function salin_list() that returns both lists as a tuple (list_A, list_B).";4;"Dynamic Type Casting";"Write a function type_swap(val) that takes a variable val. If val is an integer (but not a boolean), convert it to a string. If val is a string containing only digits, convert it to an integer. If val is a float, convert it to an integer. Otherwise, return the variable unchanged.";failed;"passed";NULL;NULL;"failed";"Classification mismatch: expected 'Medium' (level intermediate), got 'easy'";"The exercise requires basic conditional statements (if/elif/else) and fundamental type-checking and casting functions (such as type(), isinstance(), str(), int(), and isdigit()). Although handling the boolean edge case requires a basic understanding of Python's type hierarchy, the solution only requires a few lines of straightforward code. Most students will be able to solve this problem quickly."
"Variables-Medium-3-shot-1784516004125";"qwen/qwen3.7-plus";"Variables";"Medium";"3-shot";"Create a global variable saldo with the value 50000. Write a function tambah_saldo(jumlah) that uses the global keyword to add jumlah to saldo and returns the updated saldo.";"Given two variables a = 15 and b = 85, swap their values in a single line without using a temporary variable. Write a function tukar_nilai() that returns the swapped values as a tuple (a, b).";"Create list_A = [1, 2, 3]. Create list_B as a true copy of list_A (not just another reference). Append the value 4 to list_B. Write a function salin_list() that returns both lists as a tuple (list_A, list_B).";5;"Variable Shadowing";"A global variable x is set to 10. Write a function shadow_variable() that creates a local variable x set to 20. Inside shadow_variable, create a nested function inner() that defines its own local x set to 30 and returns it. The shadow_variable function should return the sum of its local x and the result of calling inner().";failed;"passed";NULL;NULL;"failed";"Classification mismatch: expected 'Medium' (level intermediate), got 'easy'";"This is a straightforward problem that only requires a basic understanding of variable scope and nested functions. It involves writing just a few lines of simple code to assign values and perform basic addition, with no complex logic or edge cases involved. Most students will be able to solve it very quickly."
"Conditionals-Hard-3-shot-1784516208081";"qwen/qwen3.7-plus";"Conditionals";"Hard";"3-shot";"Create a calculator using dictionary dispatch instead of if-elif. Supported operations: 'tambah', 'kurang', 'kali', 'bagi'. Write a function hitung(operasi, a, b) that executes the correct operation using a dictionary of lambda functions. If the operation is invalid, return 'Operasi tidak valid'.";"Write a function analisis_koordinat(data) that uses Python structural pattern matching (match-case). If data is a tuple (x, y) and x == y, return 'Garis Diagonal'. If data is a tuple (0, y), return 'Berada di Sumbu Y'. If data is a dictionary with key 'tipe' == '3D' and contains keys 'x', 'y', and 'z', return 'Titik 3 Dimensi'. Otherwise return 'Data Tidak Dikenali'.";"Write a function cek_diskon(stok, lunas, is_vip, total_belanja) that returns True if stock is available AND payment is valid AND (user is VIP OR total_belanja >= 100000). The function must NOT use any if-statement, only boolean expressions.";1;"Advanced Boolean Access Control";"Write a function `access_control(is_admin, is_mod, has_ticket, t_type, is_banned)` that returns 'GRANTED' or 'DENIED'. Rules: Granted if (admin and not banned) OR (moderator and has_ticket and t_type == 'VIP' and not banned) OR (has_ticket and t_type == 'Standard' and not banned and not admin and not mod). You MUST NOT use any `if` block statements; use only boolean expressions and the ternary operator.";failed;"passed";NULL;NULL;"failed";"Classification mismatch: expected 'Hard' (level hard), got 'easy'";"The problem requires translating a set of conditional rules into a single boolean expression and using a ternary operator to return the appropriate string. Although the boolean logic is somewhat lengthy and the title says ""Advanced"", it only relies on basic logical operators (`and`, `or`, `not`) and does not involve loops, complex data structures, or advanced algorithms. Most students will be able to construct the expression and solve the problem quickly in just one or two lines of code, which perfectly aligns with the easy difficulty criteria."
"Conditionals-Hard-3-shot-1784516208081";"qwen/qwen3.7-plus";"Conditionals";"Hard";"3-shot";"Create a calculator using dictionary dispatch instead of if-elif. Supported operations: 'tambah', 'kurang', 'kali', 'bagi'. Write a function hitung(operasi, a, b) that executes the correct operation using a dictionary of lambda functions. If the operation is invalid, return 'Operasi tidak valid'.";"Write a function analisis_koordinat(data) that uses Python structural pattern matching (match-case). If data is a tuple (x, y) and x == y, return 'Garis Diagonal'. If data is a tuple (0, y), return 'Berada di Sumbu Y'. If data is a dictionary with key 'tipe' == '3D' and contains keys 'x', 'y', and 'z', return 'Titik 3 Dimensi'. Otherwise return 'Data Tidak Dikenali'.";"Write a function cek_diskon(stok, lunas, is_vip, total_belanja) that returns True if stock is available AND payment is valid AND (user is VIP OR total_belanja >= 100000). The function must NOT use any if-statement, only boolean expressions.";2;"Nested Ternary Tax Bracket";"Write a function `calculate_tax_rate(income, is_dependent)` using ONLY nested ternary operators (no `if`/`else` block statements). Brackets: <10M is 0%, 10M to <50M is 10%, 50M to <100M is 20%, >=100M is 30%. If `is_dependent` is True, subtract 2% from the final rate (minimum 0%).";failed;"passed";NULL;NULL;"failed";"Classification mismatch: expected 'Hard' (level hard), got 'intermediate'";"The underlying logic for the tax brackets and dependent deduction is straightforward and would normally be an easy problem using standard `if/else` blocks. However, the strict constraint to use ONLY nested ternary operators significantly increases the cognitive load. Students must carefully construct, format, and debug deeply nested conditional expressions (handling 4 income brackets, a boolean check, and a minimum value constraint) while ensuring correct syntax and evaluation order. This syntactic puzzle elevates the problem to an intermediate level, as it requires a solid grasp of Python's expression evaluation without relying on readable block statements."
"Conditionals-Hard-3-shot-1784516208081";"qwen/qwen3.7-plus";"Conditionals";"Hard";"3-shot";"Create a calculator using dictionary dispatch instead of if-elif. Supported operations: 'tambah', 'kurang', 'kali', 'bagi'. Write a function hitung(operasi, a, b) that executes the correct operation using a dictionary of lambda functions. If the operation is invalid, return 'Operasi tidak valid'.";"Write a function analisis_koordinat(data) that uses Python structural pattern matching (match-case). If data is a tuple (x, y) and x == y, return 'Garis Diagonal'. If data is a tuple (0, y), return 'Berada di Sumbu Y'. If data is a dictionary with key 'tipe' == '3D' and contains keys 'x', 'y', and 'z', return 'Titik 3 Dimensi'. Otherwise return 'Data Tidak Dikenali'.";"Write a function cek_diskon(stok, lunas, is_vip, total_belanja) that returns True if stock is available AND payment is valid AND (user is VIP OR total_belanja >= 100000). The function must NOT use any if-statement, only boolean expressions.";3;"Truthy/Falsy Edge Case Resolver";"Write a function `resolve_truthiness(val)` that categorizes Python's truthy/falsy edge cases using chained conditionals. Return 'TRUE_TYPE' if `val` is exactly boolean True. 'FALSE_TYPE' if exactly boolean False. 'EMPTY_ITERABLE' if val is an empty list, tuple, or dict. 'ZERO' if val is exactly 0 or 0.0. 'NONE_VAL' if val is None. Otherwise return 'OTHER'. Use `type()` and `is` / `==` appropriately.";failed;"passed";NULL;NULL;"failed";"Classification mismatch: expected 'Hard' (level hard), got 'easy'";"This exercise requires writing a simple series of chained conditional statements (if/elif/else) to check for specific data types and values. It only tests fundamental Python concepts like basic data types, the `type()` function, and the difference between identity (`is`) and equality (`==`). There are no complex algorithms, loops, or advanced data structures involved, so most students will be able to solve it quickly with just a few lines of code by directly translating the prompt's requirements."
"Conditionals-Hard-3-shot-1784516208081";"qwen/qwen3.7-plus";"Conditionals";"Hard";"3-shot";"Create a calculator using dictionary dispatch instead of if-elif. Supported operations: 'tambah', 'kurang', 'kali', 'bagi'. Write a function hitung(operasi, a, b) that executes the correct operation using a dictionary of lambda functions. If the operation is invalid, return 'Operasi tidak valid'.";"Write a function analisis_koordinat(data) that uses Python structural pattern matching (match-case). If data is a tuple (x, y) and x == y, return 'Garis Diagonal'. If data is a tuple (0, y), return 'Berada di Sumbu Y'. If data is a dictionary with key 'tipe' == '3D' and contains keys 'x', 'y', and 'z', return 'Titik 3 Dimensi'. Otherwise return 'Data Tidak Dikenali'.";"Write a function cek_diskon(stok, lunas, is_vip, total_belanja) that returns True if stock is available AND payment is valid AND (user is VIP OR total_belanja >= 100000). The function must NOT use any if-statement, only boolean expressions.";4;"Short-Circuit Configuration Parser";"Write a function `get_config_value(config, key, fallback)` that returns the value of `config[key]` if it exists, is not None, and is not an empty string. Otherwise, return `fallback`. You MUST NOT use any `if` block statements. Rely entirely on dictionary `.get()` and the ternary operator / short-circuit boolean evaluation.";failed;"passed";NULL;NULL;"failed";"Classification mismatch: expected 'Hard' (level hard), got 'intermediate'";"Although the final solution is concise, the strict constraint of avoiding `if` blocks makes this an intermediate problem for many students. Beginners often rely heavily on standard `if/else` control flow, so translating this logic into a ternary operator or short-circuit evaluation requires a shift in thinking. Additionally, students must carefully construct their expression to specifically check for `None` and empty strings without accidentally filtering out other valid falsy values (like `0` or `False`) that a naive `or` short-circuit would incorrectly catch. This requires a deeper understanding of Python's boolean logic, evaluation order, and edge cases."
"Conditionals-Hard-3-shot-1784516208081";"qwen/qwen3.7-plus";"Conditionals";"Hard";"3-shot";"Create a calculator using dictionary dispatch instead of if-elif. Supported operations: 'tambah', 'kurang', 'kali', 'bagi'. Write a function hitung(operasi, a, b) that executes the correct operation using a dictionary of lambda functions. If the operation is invalid, return 'Operasi tidak valid'.";"Write a function analisis_koordinat(data) that uses Python structural pattern matching (match-case). If data is a tuple (x, y) and x == y, return 'Garis Diagonal'. If data is a tuple (0, y), return 'Berada di Sumbu Y'. If data is a dictionary with key 'tipe' == '3D' and contains keys 'x', 'y', and 'z', return 'Titik 3 Dimensi'. Otherwise return 'Data Tidak Dikenali'.";"Write a function cek_diskon(stok, lunas, is_vip, total_belanja) that returns True if stock is available AND payment is valid AND (user is VIP OR total_belanja >= 100000). The function must NOT use any if-statement, only boolean expressions.";5;"Conditional Password Strength Evaluator";"Write a function `evaluate_password(pwd)` that calculates a password strength score using conditionals. Start with score = 0. Add 1 if length >= 8. Add 1 if it contains an uppercase letter. Add 1 if it contains a lowercase letter. Add 1 if it contains a digit. Add 1 if it contains a special character (!@#$%^&*). If score == 5 return 'Very Strong', score >= 3 return 'Strong', score >= 1 return 'Weak', else 'Invalid'. Do not use regex (`re` module); use `any()` with generator expressions and conditionals.";failed;"failed";"Test case 1 failed: assert evaluate_password('Str0ng!') == 'Very Strong'";"Unit test failed: Test case 1 failed: assert evaluate_password('Str0ng!') == 'Very Strong'";NULL;NULL;NULL
"Constants-Hard-3-shot-1784516497199";"qwen/qwen3.7-plus";"Constants";"Hard";"3-shot";"Use MappingProxyType from the types module to wrap the dictionary {'API_KEY':'12345ABC','PORT':8080} into APP_CONFIG. Create a function that attempts to change PORT to 9000. Catch the exception and return 'Akses ditolak: Konfigurasi bersifat read-only' if modification fails.";"Create a class named KonstantaFisika. Initialize KECEPATAN_CAHAYA = 299792458 inside __init__. Override __setattr__ so that after initialization, any attempt to modify an attribute raises TypeError('Konstanta tidak dapat diubah!').";"Create a frozen dataclass named GameSettings with default values MAX_PLAYERS=4, DIFFICULTY='Hard', and SPAWN_COORDS=(10,20). Create a function hack_game(settings_obj) that uses object.__setattr__ to attempt changing MAX_PLAYERS to 99 and returns the resulting value.";1;"Metaclass for Constant Classes";"Create a metaclass named ConstantsMeta that prevents any attribute modification after class creation. Any class using this metaclass should act as a namespace for Constants. If someone tries to reassign an existing attribute, raise AttributeError('Cannot modify Constants').";failed;"passed";NULL;NULL;"failed";"Classification mismatch: expected 'Hard' (level hard), got 'intermediate'";"This exercise requires a solid understanding of Python metaclasses and the distinction between instance-level and class-level attribute assignment. Students must realize that to intercept and prevent class-level attribute modification, they need to override the `__setattr__` method on the metaclass itself, rather than on the class. While this conceptual hurdle makes it challenging for those unfamiliar with metaprogramming, the actual implementation is very concise (just a few lines of code using `hasattr` and raising an `AttributeError`). It fits the intermediate level because it tests a specific, advanced language feature without requiring the complex algorithms, deep logic, or extensive code characteristic of hard problems."
"Constants-Hard-3-shot-1784516497199";"qwen/qwen3.7-plus";"Constants";"Hard";"3-shot";"Use MappingProxyType from the types module to wrap the dictionary {'API_KEY':'12345ABC','PORT':8080} into APP_CONFIG. Create a function that attempts to change PORT to 9000. Catch the exception and return 'Akses ditolak: Konfigurasi bersifat read-only' if modification fails.";"Create a class named KonstantaFisika. Initialize KECEPATAN_CAHAYA = 299792458 inside __init__. Override __setattr__ so that after initialization, any attempt to modify an attribute raises TypeError('Konstanta tidak dapat diubah!').";"Create a frozen dataclass named GameSettings with default values MAX_PLAYERS=4, DIFFICULTY='Hard', and SPAWN_COORDS=(10,20). Create a function hack_game(settings_obj) that uses object.__setattr__ to attempt changing MAX_PLAYERS to 99 and returns the resulting value.";2;"Constant Descriptor";"Implement a descriptor class named Constant that allows an attribute to be set exactly once. If a user tries to read it before setting, raise AttributeError('Constant not set'). If they try to set it again, raise AttributeError('Constants cannot be reassigned'). Use this descriptor in a PhysicsConstants class for GRAVITY.";failed;"failed";"Test case 2 raised an exception: AttributeError: Constants cannot be reassigned";"Unit test failed: Test case 2 raised an exception: AttributeError: Constants cannot be reassigned";NULL;NULL;NULL
"Constants-Hard-3-shot-1784516497199";"qwen/qwen3.7-plus";"Constants";"Hard";"3-shot";"Use MappingProxyType from the types module to wrap the dictionary {'API_KEY':'12345ABC','PORT':8080} into APP_CONFIG. Create a function that attempts to change PORT to 9000. Catch the exception and return 'Akses ditolak: Konfigurasi bersifat read-only' if modification fails.";"Create a class named KonstantaFisika. Initialize KECEPATAN_CAHAYA = 299792458 inside __init__. Override __setattr__ so that after initialization, any attempt to modify an attribute raises TypeError('Konstanta tidak dapat diubah!').";"Create a frozen dataclass named GameSettings with default values MAX_PLAYERS=4, DIFFICULTY='Hard', and SPAWN_COORDS=(10,20). Create a function hack_game(settings_obj) that uses object.__setattr__ to attempt changing MAX_PLAYERS to 99 and returns the resulting value.";3;"Memory Efficient Constants Registry";"Create a class ConstantsRegistry that uses __slots__ to store exactly three constants: MAX_RETRIES, TIMEOUT, and BUFFER_SIZE. Implement __setattr__ to prevent adding any new attributes by raising AttributeError('Cannot add new Constants') if the name is not in __slots__. Create a classmethod load_constants that initializes and returns an instance with the provided values.";failed;"passed";NULL;NULL;"failed";"Classification mismatch: expected 'Hard' (level hard), got 'intermediate'";"The exercise requires an understanding of Python's object-oriented internals, specifically the use of `__slots__` for memory management and the `__setattr__` magic method to intercept attribute assignments. While the amount of code to write is relatively small, implementing this correctly—especially initializing the instance inside the classmethod without triggering the custom `__setattr__` error—requires an intermediate knowledge of Python's object model. It goes beyond basic syntax and simple class definitions, but does not require the complex algorithms or advanced metaprogramming found in hard problems."
"Constants-Hard-3-shot-1784516497199";"qwen/qwen3.7-plus";"Constants";"Hard";"3-shot";"Use MappingProxyType from the types module to wrap the dictionary {'API_KEY':'12345ABC','PORT':8080} into APP_CONFIG. Create a function that attempts to change PORT to 9000. Catch the exception and return 'Akses ditolak: Konfigurasi bersifat read-only' if modification fails.";"Create a class named KonstantaFisika. Initialize KECEPATAN_CAHAYA = 299792458 inside __init__. Override __setattr__ so that after initialization, any attempt to modify an attribute raises TypeError('Konstanta tidak dapat diubah!').";"Create a frozen dataclass named GameSettings with default values MAX_PLAYERS=4, DIFFICULTY='Hard', and SPAWN_COORDS=(10,20). Create a function hack_game(settings_obj) that uses object.__setattr__ to attempt changing MAX_PLAYERS to 99 and returns the resulting value.";4;"Case-Sensitive Constants Manager";"Create a class ConstantsManager that uses __setattr__ and __getattr__ to manage a dictionary of variables. If an attribute name is fully uppercase, it is treated as an immutable Constant and raises TypeError('Cannot modify uppercase Constants') if reassigned. Lowercase attributes can be modified freely. Initialize the internal dictionary in __init__.";failed;"passed";NULL;NULL;"failed";"Classification mismatch: expected 'Hard' (level hard), got 'intermediate'";"The exercise requires a solid understanding of Python's object-oriented magic methods, specifically `__setattr__` and `__getattr__`, and how Python handles attribute lookup. A key challenge for students will be avoiding infinite recursion when initializing the internal dictionary in `__init__`, since assigning to `self` (e.g., `self._data = {}`) will trigger the custom `__setattr__` method. While the core logic of checking for uppercase strings and managing a dictionary is straightforward, navigating Python's attribute access mechanics and debugging the recursion trap elevates this to an intermediate level that will take students time to solve."
"Constants-Hard-3-shot-1784516497199";"qwen/qwen3.7-plus";"Constants";"Hard";"3-shot";"Use MappingProxyType from the types module to wrap the dictionary {'API_KEY':'12345ABC','PORT':8080} into APP_CONFIG. Create a function that attempts to change PORT to 9000. Catch the exception and return 'Akses ditolak: Konfigurasi bersifat read-only' if modification fails.";"Create a class named KonstantaFisika. Initialize KECEPATAN_CAHAYA = 299792458 inside __init__. Override __setattr__ so that after initialization, any attempt to modify an attribute raises TypeError('Konstanta tidak dapat diubah!').";"Create a frozen dataclass named GameSettings with default values MAX_PLAYERS=4, DIFFICULTY='Hard', and SPAWN_COORDS=(10,20). Create a function hack_game(settings_obj) that uses object.__setattr__ to attempt changing MAX_PLAYERS to 99 and returns the resulting value.";5;"Extracting Constants from AST";"Write a function extract_constants(source_code) that uses the ast module to parse a Python source code string. It should find all top-level assignments where the target is a single name, the name is entirely uppercase (a Constant), and the value is a literal constant (ast.Constant). Return a dictionary of these Constants and their values.";failed;"passed";NULL;NULL;"failed";"Classification mismatch: expected 'Hard' (level hard), got 'intermediate'";"This problem requires specific knowledge of Python's `ast` (Abstract Syntax Tree) module, which goes beyond basic programming concepts. Students must understand how to parse source code into an AST and navigate its specific node structures (such as `ast.Module`, `ast.Assign`, `ast.Name`, and `ast.Constant`). While the actual code required is relatively short and the logic is a straightforward linear filter, the conceptual overhead of understanding AST node attributes and structures means it will take students more time to research, debug, and implement correctly."
"Expressions-Hard-3-shot-1784516749595";"qwen/qwen3.7-plus";"Expressions";"Hard";"3-shot";"Create a function get_data() that returns the list [10, 20, 30]. Write another function cek_total() that uses nested walrus operators (:=) to assign the result of get_data() to a variable, calculate its sum, and return the string 'Data valid: [10, 20, 30]. Total besar: 60' if the total is greater than 50. Otherwise, return 'Total di bawah 50.'.";"Create a generator expression that generates the squares of numbers from 1 to 1,000,000. Write a function tiga_pertama() that returns the first three generated values as a tuple using next().";"Given the string ekspresi_str = '{""a"": 1, ""b"": 2}', use ast.literal_eval() to safely evaluate the string into a Python dictionary. Write a function evaluasi_literal() that returns the resulting dictionary.";1;"AST Variable Extraction";"Given a string representing a valid Python mathematical expression (e.g., 'x * y + z ** 2 - x'), use the `ast` module to parse the string into an Abstract Syntax Tree. Write a function `extract_variables(expr_str)` that walks the AST and returns a sorted list of all unique variable names (ast.Name nodes) used in the expression.";failed;"passed";NULL;NULL;"failed";"Classification mismatch: expected 'Hard' (level hard), got 'intermediate'";"The exercise requires familiarity with Python's `ast` (Abstract Syntax Tree) module, which is generally beyond beginner-level concepts. Students must understand how to parse a string into an AST, traverse the tree structure (using methods like `ast.walk` or a custom `ast.NodeVisitor`), and filter for specific node types (`ast.Name`) to extract their underlying string attributes (`.id`). Although the final implementation is relatively concise once the API is understood, the conceptual leap of working with ASTs and tree traversal places this firmly in the intermediate category."
"Expressions-Hard-3-shot-1784516749595";"qwen/qwen3.7-plus";"Expressions";"Hard";"3-shot";"Create a function get_data() that returns the list [10, 20, 30]. Write another function cek_total() that uses nested walrus operators (:=) to assign the result of get_data() to a variable, calculate its sum, and return the string 'Data valid: [10, 20, 30]. Total besar: 60' if the total is greater than 50. Otherwise, return 'Total di bawah 50.'.";"Create a generator expression that generates the squares of numbers from 1 to 1,000,000. Write a function tiga_pertama() that returns the first three generated values as a tuple using next().";"Given the string ekspresi_str = '{""a"": 1, ""b"": 2}', use ast.literal_eval() to safely evaluate the string into a Python dictionary. Write a function evaluasi_literal() that returns the resulting dictionary.";2;"Dictionary Comprehension Inversion";"Write a function `invert_dict(d)` that takes a dictionary where keys are strings and values are integers. The function must return a new dictionary where the original values become keys, and the original keys become a list of values. You MUST implement this using a single dictionary comprehension expression (no external helper functions or standard for-loops outside the comprehension).";passed;"passed";NULL;NULL;"passed";NULL;NULL
"Expressions-Hard-3-shot-1784516749595";"qwen/qwen3.7-plus";"Expressions";"Hard";"3-shot";"Create a function get_data() that returns the list [10, 20, 30]. Write another function cek_total() that uses nested walrus operators (:=) to assign the result of get_data() to a variable, calculate its sum, and return the string 'Data valid: [10, 20, 30]. Total besar: 60' if the total is greater than 50. Otherwise, return 'Total di bawah 50.'.";"Create a generator expression that generates the squares of numbers from 1 to 1,000,000. Write a function tiga_pertama() that returns the first three generated values as a tuple using next().";"Given the string ekspresi_str = '{""a"": 1, ""b"": 2}', use ast.literal_eval() to safely evaluate the string into a Python dictionary. Write a function evaluasi_literal() that returns the resulting dictionary.";3;"Lambda Reduce Expression";"Given a list of strings `words`, write a function `find_longest(words)` that returns the longest string. If there are multiple strings with the same maximum length, return the first one encountered. You must solve this using a single `functools.reduce` call combined with a lambda expression. Do not use the built-in `max()` function or standard loops.";failed;"passed";NULL;NULL;"failed";"Classification mismatch: expected 'Hard' (level hard), got 'easy'";"The problem requires finding the longest string, which is a basic programming concept. Although it enforces the use of `functools.reduce` and a lambda expression, the solution is highly concise and typically requires only a single line of code. Most students familiar with the basic accumulator pattern of `reduce` will be able to write and understand the solution very quickly."
"Expressions-Hard-3-shot-1784516749595";"qwen/qwen3.7-plus";"Expressions";"Hard";"3-shot";"Create a function get_data() that returns the list [10, 20, 30]. Write another function cek_total() that uses nested walrus operators (:=) to assign the result of get_data() to a variable, calculate its sum, and return the string 'Data valid: [10, 20, 30]. Total besar: 60' if the total is greater than 50. Otherwise, return 'Total di bawah 50.'.";"Create a generator expression that generates the squares of numbers from 1 to 1,000,000. Write a function tiga_pertama() that returns the first three generated values as a tuple using next().";"Given the string ekspresi_str = '{""a"": 1, ""b"": 2}', use ast.literal_eval() to safely evaluate the string into a Python dictionary. Write a function evaluasi_literal() that returns the resulting dictionary.";4;"Bitmask Expressions";"You are given an integer `status` representing a 32-bit bitmask. Write a function `decode_status(status)` that uses bitwise expressions to return a dictionary with three boolean keys: `'is_active'` (True if bit 0 is set), `'can_edit'` (True if bit 2 is set), and `'is_admin'` (True if bit 5 is set). Use bitwise AND (`&`) and shift operations in your expressions.";failed;"passed";NULL;NULL;"failed";"Classification mismatch: expected 'Hard' (level hard), got 'easy'";"The problem requires only basic bitwise operations (AND and shift) to check if specific bits are set in an integer and to construct a simple dictionary. It involves straightforward logic and only a few lines of code, meaning most students will be able to solve it quickly."
"Expressions-Hard-3-shot-1784516749595";"qwen/qwen3.7-plus";"Expressions";"Hard";"3-shot";"Create a function get_data() that returns the list [10, 20, 30]. Write another function cek_total() that uses nested walrus operators (:=) to assign the result of get_data() to a variable, calculate its sum, and return the string 'Data valid: [10, 20, 30]. Total besar: 60' if the total is greater than 50. Otherwise, return 'Total di bawah 50.'.";"Create a generator expression that generates the squares of numbers from 1 to 1,000,000. Write a function tiga_pertama() that returns the first three generated values as a tuple using next().";"Given the string ekspresi_str = '{""a"": 1, ""b"": 2}', use ast.literal_eval() to safely evaluate the string into a Python dictionary. Write a function evaluasi_literal() that returns the resulting dictionary.";5;"Regex Lookahead Expressions";"Write a function `find_secure_passwords(passwords)` that takes a list of strings. Use a single regular expression containing positive lookahead expressions to filter and return a list of passwords that meet ALL of the following criteria: at least 8 characters long, contains at least one uppercase letter, contains at least one lowercase letter, and contains at least one digit. Do not use multiple `if` conditions; let the regex expression handle all validations.";failed;"passed";NULL;NULL;"failed";"Classification mismatch: expected 'Hard' (level hard), got 'intermediate'";"The problem requires specific knowledge of advanced regular expression concepts, particularly positive lookaheads (`(?=...)`). While basic regex is straightforward, constructing a single pattern with multiple lookaheads to validate different conditions without consuming characters is a notable step up in difficulty. The constraint against using standard Python `if` conditions forces students to rely entirely on this intermediate regex technique, making it challenging for beginners but solvable for those with intermediate regex knowledge."
"Input/Output-Hard-3-shot-1784518481126";"qwen/qwen3.7-plus";"Input/Output";"Hard";"3-shot";"Import the sys module. Write a function print_error(message) that prints the given message to the standard error stream (sys.stderr) with the prefix '[ERROR]: '. The function should return None.";"Write a function parse_csv(raw_csv) that parses a multiline CSV string into a list of dictionaries. Ignore empty lines. The first line contains the headers.";"Write a function binary_io(filename) that writes the bytes b'\x48\x65\x6c\x6c\x6f' to a binary file, reads the file back, decodes the bytes using UTF-8, and returns the decoded string.";1;"Chunked File Reader";"Write a function read_in_chunks(file_path, chunk_size) that reads a file in fixed-size byte chunks, decodes each chunk as UTF-8, and returns a list of these decoded string chunks. The last chunk may be smaller than chunk_size.";failed;"passed";NULL;NULL;"failed";"Classification mismatch: expected 'Hard' (level hard), got 'intermediate'";"This exercise requires a solid understanding of file I/O, specifically opening a file in binary mode, using a loop to read until the end of the file, and decoding bytes into UTF-8 strings. While it does not require complex algorithms or advanced data structures (which would make it hard), it involves more steps, state management, and boilerplate code than a basic, single-line file reading task (which would make it easy). Students must correctly manage the loop condition and handle the final, potentially smaller chunk, making it a standard intermediate-level problem."
"Input/Output-Hard-3-shot-1784518481126";"qwen/qwen3.7-plus";"Input/Output";"Hard";"3-shot";"Import the sys module. Write a function print_error(message) that prints the given message to the standard error stream (sys.stderr) with the prefix '[ERROR]: '. The function should return None.";"Write a function parse_csv(raw_csv) that parses a multiline CSV string into a list of dictionaries. Ignore empty lines. The first line contains the headers.";"Write a function binary_io(filename) that writes the bytes b'\x48\x65\x6c\x6c\x6f' to a binary file, reads the file back, decodes the bytes using UTF-8, and returns the decoded string.";2;"Capture Standard Output";"Write a function capture_stdout(func, *args, **kwargs) that executes the given function func with its arguments, captures everything it prints to standard output, and returns the captured output as a single string.";failed;"passed";NULL;NULL;"failed";"Classification mismatch: expected 'Hard' (level hard), got 'intermediate'";"This problem requires specific knowledge of Python's standard I/O streams and how to redirect them. Students must use `sys.stdout` and `io.StringIO` (or `contextlib.redirect_stdout`) to capture the printed output. Furthermore, to implement it robustly, they need to use a `try...finally` block to ensure the original standard output is properly restored even if the executed function raises an exception. While the final code is relatively short, the conceptual requirement to manipulate system streams and manage resources elevates it beyond basic beginner-level exercises."
"Input/Output-Hard-3-shot-1784518481126";"qwen/qwen3.7-plus";"Input/Output";"Hard";"3-shot";"Import the sys module. Write a function print_error(message) that prints the given message to the standard error stream (sys.stderr) with the prefix '[ERROR]: '. The function should return None.";"Write a function parse_csv(raw_csv) that parses a multiline CSV string into a list of dictionaries. Ignore empty lines. The first line contains the headers.";"Write a function binary_io(filename) that writes the bytes b'\x48\x65\x6c\x6c\x6f' to a binary file, reads the file back, decodes the bytes using UTF-8, and returns the decoded string.";3;"Binary Record Parser";"Write a function parse_binary_records(file_path) that reads a binary file containing a sequence of records. Each record consists of a 4-byte integer (big-endian) followed by a 4-byte float (big-endian). The function should return a list of tuples (integer, float).";failed;"passed";NULL;NULL;"failed";"Classification mismatch: expected 'Hard' (level hard), got 'intermediate'";"The exercise requires specific knowledge of binary file I/O and the `struct` module, which are beyond basic beginner concepts. Students must understand byte sizes, endianness, and how to correctly format the unpacking string (e.g., '>if'). While the resulting code is relatively short, it involves concepts typically introduced at an intermediate level rather than basic syntax, standard data structures, and text-based file handling."
"Input/Output-Hard-3-shot-1784518481126";"qwen/qwen3.7-plus";"Input/Output";"Hard";"3-shot";"Import the sys module. Write a function print_error(message) that prints the given message to the standard error stream (sys.stderr) with the prefix '[ERROR]: '. The function should return None.";"Write a function parse_csv(raw_csv) that parses a multiline CSV string into a list of dictionaries. Ignore empty lines. The first line contains the headers.";"Write a function binary_io(filename) that writes the bytes b'\x48\x65\x6c\x6c\x6f' to a binary file, reads the file back, decodes the bytes using UTF-8, and returns the decoded string.";4;"Atomic File Write";"Write a function safe_write(file_path, content) that writes content to a temporary file in the same directory, and then atomically replaces the target file_path with the temporary file using os.replace. If an error occurs during writing, the original file must remain untouched.";failed;"failed";"Test case 1 failed: assert (open('orig.txt', 'w').write('old') and safe_write('orig.txt', 'new') and open('orig.txt').read()) == 'new'";"Unit test failed: Test case 1 failed: assert (open('orig.txt', 'w').write('old') and safe_write('orig.txt', 'new') and open('orig.txt').read()) == 'new'";NULL;NULL;NULL
"Input/Output-Hard-3-shot-1784518481126";"qwen/qwen3.7-plus";"Input/Output";"Hard";"3-shot";"Import the sys module. Write a function print_error(message) that prints the given message to the standard error stream (sys.stderr) with the prefix '[ERROR]: '. The function should return None.";"Write a function parse_csv(raw_csv) that parses a multiline CSV string into a list of dictionaries. Ignore empty lines. The first line contains the headers.";"Write a function binary_io(filename) that writes the bytes b'\x48\x65\x6c\x6c\x6f' to a binary file, reads the file back, decodes the bytes using UTF-8, and returns the decoded string.";5;"Simulate Standard Input";"Write a function simulate_stdin(input_lines, read_func) that temporarily replaces sys.stdin with an io.StringIO object containing input_lines joined by newlines, executes read_func(), restores sys.stdin, and returns the result of read_func().";failed;"passed";NULL;NULL;"failed";"Classification mismatch: expected 'Hard' (level hard), got 'intermediate'";"This exercise requires knowledge of Python's `sys` and `io` modules to manipulate standard input streams (`sys.stdin` and `io.StringIO`). It also requires understanding how to temporarily modify and safely restore global state (typically using a `try...finally` block) and how to use higher-order functions by passing and executing `read_func`. These concepts are standard for intermediate Python learners, especially those learning how to write unit tests or handle I/O redirection, but are generally too advanced for beginners who are just learning basic syntax and control flow."
"Loop-Hard-3-shot-1784519859645";"qwen/qwen3.7-plus";"Loop";"Hard";"3-shot";"Given an initial savings amount and a weekly addition amount, return how many weeks it takes for the savings to reach or exceed a target amount.";"Given an integer n, return a list of integers from 1 to n where each even-indexed position (1-based) is replaced by its negative. For example, n=5: [1, -2, 3, -4, 5].";"Given a list of (username, password) tuples, count how many failed attempts occur before the correct login ('admin', 'admin'). Return the count of failed attempts.";1;"Spiral Matrix Traversal";"Given an m x n matrix, return all elements of the matrix in spiral order. The spiral order starts from the top-left corner, moves right, then down, then left, then up, and repeats inward.";failed;"passed";NULL;NULL;"failed";"Classification mismatch: expected 'Hard' (level hard), got 'intermediate'";"This problem requires students to track and update four distinct boundaries (top, bottom, left, right) while traversing a 2D array. It involves careful index manipulation, handling edge cases like non-square matrices or single-row/column matrices, and typically requires around 15 to 30 lines of code. It is a classic intermediate algorithmic challenge that takes time and logical planning to solve without making off-by-one errors, placing it well above simple array manipulations but below highly complex dynamic programming or graph problems."
"Loop-Hard-3-shot-1784519859645";"qwen/qwen3.7-plus";"Loop";"Hard";"3-shot";"Given an initial savings amount and a weekly addition amount, return how many weeks it takes for the savings to reach or exceed a target amount.";"Given an integer n, return a list of integers from 1 to n where each even-indexed position (1-based) is replaced by its negative. For example, n=5: [1, -2, 3, -4, 5].";"Given a list of (username, password) tuples, count how many failed attempts occur before the correct login ('admin', 'admin'). Return the count of failed attempts.";2;"Longest Collatz Sequence in Range";"The Collatz sequence for a number n is generated by: if n is even, n = n/2; if n is odd, n = 3n + 1. The sequence ends when n reaches 1. Given a start and end (inclusive), find the starting number that produces the longest Collatz sequence. If there is a tie, return the smallest number.";failed;"failed";"Test case 4 failed: assert longest_collatz(10, 15) == 13";"Unit test failed: Test case 4 failed: assert longest_collatz(10, 15) == 13";NULL;NULL;NULL
"Loop-Hard-3-shot-1784519859645";"qwen/qwen3.7-plus";"Loop";"Hard";"3-shot";"Given an initial savings amount and a weekly addition amount, return how many weeks it takes for the savings to reach or exceed a target amount.";"Given an integer n, return a list of integers from 1 to n where each even-indexed position (1-based) is replaced by its negative. For example, n=5: [1, -2, 3, -4, 5].";"Given a list of (username, password) tuples, count how many failed attempts occur before the correct login ('admin', 'admin'). Return the count of failed attempts.";3;"Game of Life Next State";"Given a 2D grid of 0s (dead) and 1s (alive), compute the next state according to Conway's Game of Life rules: 1) Any live cell with 2 or 3 live neighbors survives. 2) Any dead cell with exactly 3 live neighbors becomes alive. 3) All other cells die or stay dead. Return the new grid.";failed;"passed";NULL;NULL;"failed";"Classification mismatch: expected 'Hard' (level hard), got 'intermediate'";"This exercise requires iterating through a 2D grid using nested loops and evaluating the 8 neighboring cells for each position. Students must carefully handle boundary conditions (such as edges and corners) to avoid index out-of-bounds errors. Furthermore, they need to manage the grid's state correctly, either by generating a new grid or updating the current one without overwriting values needed for the ongoing calculations. While it is a standard algorithmic problem, it requires more than just a few lines of basic code and careful index management, fitting the intermediate difficulty level."
"Loop-Hard-3-shot-1784519859645";"qwen/qwen3.7-plus";"Loop";"Hard";"3-shot";"Given an initial savings amount and a weekly addition amount, return how many weeks it takes for the savings to reach or exceed a target amount.";"Given an integer n, return a list of integers from 1 to n where each even-indexed position (1-based) is replaced by its negative. For example, n=5: [1, -2, 3, -4, 5].";"Given a list of (username, password) tuples, count how many failed attempts occur before the correct login ('admin', 'admin'). Return the count of failed attempts.";4;"Longest Valid Parentheses Substring";"Given a string containing just the characters '(' and ')', find the length of the longest valid (well-formed) parentheses substring. You must solve this using loops.";passed;"passed";NULL;NULL;"passed";NULL;NULL
"Loop-Hard-3-shot-1784519859645";"qwen/qwen3.7-plus";"Loop";"Hard";"3-shot";"Given an initial savings amount and a weekly addition amount, return how many weeks it takes for the savings to reach or exceed a target amount.";"Given an integer n, return a list of integers from 1 to n where each even-indexed position (1-based) is replaced by its negative. For example, n=5: [1, -2, 3, -4, 5].";"Given a list of (username, password) tuples, count how many failed attempts occur before the correct login ('admin', 'admin'). Return the count of failed attempts.";5;"Rotate Matrix 90 Degrees Clockwise";"Given an n x n 2D matrix representing an image, rotate the image by 90 degrees clockwise. Return the rotated matrix.";failed;"passed";NULL;NULL;"failed";"Classification mismatch: expected 'Hard' (level hard), got 'intermediate'";"This problem requires manipulating a 2D array, which involves nested loops or multi-step list comprehensions. Students must figure out the mathematical index mapping for a 90-degree rotation or implement a two-step approach (transposing the matrix and then reversing each row). It takes more time and lines of code than basic 1D array exercises, but the underlying logic is straightforward enough that most students will eventually solve it with some effort."
"Operators-Hard-3-shot-1784520808548";"qwen/qwen3.7-plus";"Operators";"Hard";"3-shot";"Given the string 'Belajar Python Dasar', write a function cek_panjang() that uses the walrus operator (:=) inside an if statement. If the string length is greater than 10, return the message 'Kalimat terlalu panjang! Terdeteksi ada 21 karakter.'. Otherwise, return 'Panjang kalimat aman, hanya n karakter.'. The length must only be computed once using the walrus operator.";"Create a class Vektor2D with attributes x and y. Overload the + operator so that adding two Vektor2D objects returns a new Vektor2D object whose coordinates are the sums of the corresponding coordinates.";"Given READ = 4, WRITE = 2, and EXECUTE = 1, create a variable izin_user that combines READ and WRITE using the bitwise OR operator. Write a function cek_izin() that returns a tuple containing whether the user has WRITE access and whether the user has EXECUTE access using the bitwise AND operator.";1;"Matrix Operator Overloading";"Create a class Matrix that stores a 2D list of numbers. Overload the * operator (__mul__) for scalar multiplication and the @ operator (__matmul__) for matrix multiplication. Write a function hitung_matriks() that creates two 2x2 matrices (M1 = [[1, 2], [3, 4]] and M2 = [[5, 6], [7, 8]]), multiplies them using @, then multiplies the result by the scalar 2 using *. Return the final matrix as a flattened 1D list.";failed;"passed";NULL;NULL;"failed";"Classification mismatch: expected 'Hard' (level hard), got 'intermediate'";"This exercise requires combining multiple concepts: Object-Oriented Programming, Python operator overloading using dunder methods (__mul__ and __matmul__), and the algorithmic logic for matrix multiplication. Implementing matrix multiplication requires nested loops and careful index management, which takes more time and code than a basic problem. However, it does not involve advanced algorithmic optimization, complex data structures, or highly difficult edge cases, keeping it from being a ""hard"" problem. It is a solid intermediate task that tests a student's ability to integrate OOP with mathematical logic and list manipulation."
"Operators-Hard-3-shot-1784520808548";"qwen/qwen3.7-plus";"Operators";"Hard";"3-shot";"Given the string 'Belajar Python Dasar', write a function cek_panjang() that uses the walrus operator (:=) inside an if statement. If the string length is greater than 10, return the message 'Kalimat terlalu panjang! Terdeteksi ada 21 karakter.'. Otherwise, return 'Panjang kalimat aman, hanya n karakter.'. The length must only be computed once using the walrus operator.";"Create a class Vektor2D with attributes x and y. Overload the + operator so that adding two Vektor2D objects returns a new Vektor2D object whose coordinates are the sums of the corresponding coordinates.";"Given READ = 4, WRITE = 2, and EXECUTE = 1, create a variable izin_user that combines READ and WRITE using the bitwise OR operator. Write a function cek_izin() that returns a tuple containing whether the user has WRITE access and whether the user has EXECUTE access using the bitwise AND operator.";2;"Polynomial Arithmetic Operators";"Create a class Polynomial where coefficients are stored in a list (index represents the power of x). Overload the + operator (__add__) for polynomial addition and the * operator (__mul__) for polynomial multiplication. Write a function operasi_polonomial() that creates P1 = 1 + 2x + 3x^2 (coeffs: [1, 2, 3]) and P2 = 1 + x (coeffs: [1, 1]). Return the coefficients of (P1 + P2) * P2.";failed;"passed";NULL;NULL;"failed";"Classification mismatch: expected 'Hard' (level hard), got 'intermediate'";"This exercise requires a solid understanding of Object-Oriented Programming (OOP) and Python's magic methods for operator overloading (`__add__` and `__mul__`). While polynomial addition is relatively straightforward, polynomial multiplication requires implementing a nested loop algorithm and carefully managing list indices to align the correct powers of x. It takes more than a few lines of code and a good grasp of how to manipulate custom objects, placing it firmly in the intermediate category. It is not considered hard because the algorithms involved are standard and do not require advanced computer science concepts like dynamic programming or complex graph theory."
"Operators-Hard-3-shot-1784520808548";"qwen/qwen3.7-plus";"Operators";"Hard";"3-shot";"Given the string 'Belajar Python Dasar', write a function cek_panjang() that uses the walrus operator (:=) inside an if statement. If the string length is greater than 10, return the message 'Kalimat terlalu panjang! Terdeteksi ada 21 karakter.'. Otherwise, return 'Panjang kalimat aman, hanya n karakter.'. The length must only be computed once using the walrus operator.";"Create a class Vektor2D with attributes x and y. Overload the + operator so that adding two Vektor2D objects returns a new Vektor2D object whose coordinates are the sums of the corresponding coordinates.";"Given READ = 4, WRITE = 2, and EXECUTE = 1, create a variable izin_user that combines READ and WRITE using the bitwise OR operator. Write a function cek_izin() that returns a tuple containing whether the user has WRITE access and whether the user has EXECUTE access using the bitwise AND operator.";3;"Custom Set Bitwise Operators";"Create a class CustomSet that wraps a Python set. Overload the & operator (__and__) for intersection, the | operator (__or__) for union, and the ^ operator (__xor__) for symmetric difference. Write a function manipulasi_set() that uses two CustomSet objects A = {1, 2, 3, 4} and B = {3, 4, 5, 6}. Return a tuple containing sorted lists of (A & B), (A | B), and (A ^ B).";failed;"passed";NULL;NULL;"failed";"Classification mismatch: expected 'Hard' (level hard), got 'easy'";"The problem requires basic knowledge of Python object-oriented programming, specifically operator overloading using magic methods (`__and__`, `__or__`, `__xor__`). The implementation is very straightforward as it simply wraps Python's built-in set operations. Students can solve this quickly with just a few lines of code, and there are no complex algorithms or tricky edge cases involved."
"Operators-Hard-3-shot-1784520808548";"qwen/qwen3.7-plus";"Operators";"Hard";"3-shot";"Given the string 'Belajar Python Dasar', write a function cek_panjang() that uses the walrus operator (:=) inside an if statement. If the string length is greater than 10, return the message 'Kalimat terlalu panjang! Terdeteksi ada 21 karakter.'. Otherwise, return 'Panjang kalimat aman, hanya n karakter.'. The length must only be computed once using the walrus operator.";"Create a class Vektor2D with attributes x and y. Overload the + operator so that adding two Vektor2D objects returns a new Vektor2D object whose coordinates are the sums of the corresponding coordinates.";"Given READ = 4, WRITE = 2, and EXECUTE = 1, create a variable izin_user that combines READ and WRITE using the bitwise OR operator. Write a function cek_izin() that returns a tuple containing whether the user has WRITE access and whether the user has EXECUTE access using the bitwise AND operator.";4;"Complex Number Operators";"Create a class Complex with real and imag attributes. Overload the * operator (__mul__) for complex multiplication and the / operator (__truediv__) for complex division. Write a function hitung_kompleks() that calculates (3 + 4i) * (1 - 2i) / (2 + 1i). Return a tuple of the real and imaginary parts of the result, rounded to 2 decimal places.";failed;"passed";NULL;NULL;"failed";"Classification mismatch: expected 'Hard' (level hard), got 'intermediate'";"This exercise requires an understanding of Object-Oriented Programming (creating classes and initializing attributes) as well as Python-specific features like operator overloading using dunder methods (`__mul__` and `__truediv__`). Additionally, students must correctly implement the mathematical formulas for complex number multiplication and division. Combining OOP concepts with mathematical logic means students will need to write more code and take more time to debug than a basic syntax exercise, but it does not require advanced algorithmic problem-solving, placing it firmly in the intermediate category."
"Operators-Hard-3-shot-1784520808548";"qwen/qwen3.7-plus";"Operators";"Hard";"3-shot";"Given the string 'Belajar Python Dasar', write a function cek_panjang() that uses the walrus operator (:=) inside an if statement. If the string length is greater than 10, return the message 'Kalimat terlalu panjang! Terdeteksi ada 21 karakter.'. Otherwise, return 'Panjang kalimat aman, hanya n karakter.'. The length must only be computed once using the walrus operator.";"Create a class Vektor2D with attributes x and y. Overload the + operator so that adding two Vektor2D objects returns a new Vektor2D object whose coordinates are the sums of the corresponding coordinates.";"Given READ = 4, WRITE = 2, and EXECUTE = 1, create a variable izin_user that combines READ and WRITE using the bitwise OR operator. Write a function cek_izin() that returns a tuple containing whether the user has WRITE access and whether the user has EXECUTE access using the bitwise AND operator.";5;"Bitwise Flag Management";"Create a class Flag that stores an integer value. Overload the | operator (__or__) to add a flag (takes an integer), the ^ operator (__xor__) to toggle a flag (takes an integer), and the & operator (__and__) to check if a flag is present (takes an integer, returns a boolean). Write a function kelola_flag() that starts with a Flag of value 0, adds flag 4, toggles flag 2, checks if flag 4 is present, and checks if flag 2 is present. Return a tuple of (final_value, has_4, has_2).";failed;"passed";NULL;NULL;"failed";"Classification mismatch: expected 'Hard' (level hard), got 'intermediate'";"The problem requires knowledge of Python's magic methods for operator overloading (`__or__`, `__xor__`, and `__and__`) as well as bitwise operations. Implementing a custom class with these specific behaviors goes beyond basic syntax and requires an intermediate understanding of object-oriented programming and bitwise logic in Python."
"Variables-Hard-3-shot-1784521292023";"qwen/qwen3.7-plus";"Variables";"Hard";"3-shot";"Create a function mesin_penghitung() that initializes a variable hitungan = 0. Inside it, define another function tambah() that uses the nonlocal keyword to increment hitungan by 1 every time it is called and returns the updated value. Return the inner function tambah.";"Create variables w = 256 and x = 256, then variables y = int('1000') and z = int('1000'). Write a function cek_identitas() that returns a tuple containing (w is x, y is z). Using int('1000') ensures that y and z are created as separate integer objects on most Python implementations.";"Write a function proses_data(data). If data is a string, return its length. If it is an integer or float, return the value multiplied by 10. If it is a list, return its first item, or None if the list is empty. For any other type, return the string 'Unsupported type'. Use isinstance() in your solution.";1;"Variable Reference Aliasing";"Write a function alias_matrix(n) that creates an n x n matrix of zeros. However, all rows must be aliases (references) to the exact same list object in memory. Then, modify the element at index [0][0] to be 1. Return the resulting matrix. This demonstrates how variable assignment for mutable objects creates references rather than copies.";failed;"passed";NULL;NULL;"failed";"Classification mismatch: expected 'Hard' (level hard), got 'easy'";"The problem can be solved in just a few lines of code and explicitly explains the underlying concept (reference aliasing) within the prompt itself. Students only need to create a single list of zeros, use it to build the matrix by reference, modify the target element, and return the result, making it a quick and straightforward exercise for most learners."
"Variables-Hard-3-shot-1784521292023";"qwen/qwen3.7-plus";"Variables";"Hard";"3-shot";"Create a function mesin_penghitung() that initializes a variable hitungan = 0. Inside it, define another function tambah() that uses the nonlocal keyword to increment hitungan by 1 every time it is called and returns the updated value. Return the inner function tambah.";"Create variables w = 256 and x = 256, then variables y = int('1000') and z = int('1000'). Write a function cek_identitas() that returns a tuple containing (w is x, y is z). Using int('1000') ensures that y and z are created as separate integer objects on most Python implementations.";"Write a function proses_data(data). If data is a string, return its length. If it is an integer or float, return the value multiplied by 10. If it is a list, return its first item, or None if the list is empty. For any other type, return the string 'Unsupported type'. Use isinstance() in your solution.";2;"Advanced Variable Unpacking";"Write a function complex_unpack(data) where data is a tuple or list. Use advanced variable unpacking with the * operator to extract the first element into first, all middle elements into a list called middle, and the last element into last. If the input has fewer than 3 elements, first should be the first element (or None if empty), last should be the last element (or None if less than 2 elements), and middle should be an empty list. Return the tuple (first, middle, last).";failed;"passed";NULL;NULL;"failed";"Classification mismatch: expected 'Hard' (level hard), got 'intermediate'";"While the core concept of extended iterable unpacking using the `*` operator (e.g., `first, *middle, last = data`) is relatively straightforward for sequences of sufficient length, the problem requires handling specific edge cases. If the input list or tuple has fewer than 2 elements, a simple unpacking statement will raise a `ValueError`. Therefore, students must write additional conditional logic (using if/else statements or slicing) to check the length of the input and safely assign `None` or empty lists when necessary. This extra step and the need to manage edge cases elevate the problem from easy to intermediate."
"Variables-Hard-3-shot-1784521292023";"qwen/qwen3.7-plus";"Variables";"Hard";"3-shot";"Create a function mesin_penghitung() that initializes a variable hitungan = 0. Inside it, define another function tambah() that uses the nonlocal keyword to increment hitungan by 1 every time it is called and returns the updated value. Return the inner function tambah.";"Create variables w = 256 and x = 256, then variables y = int('1000') and z = int('1000'). Write a function cek_identitas() that returns a tuple containing (w is x, y is z). Using int('1000') ensures that y and z are created as separate integer objects on most Python implementations.";"Write a function proses_data(data). If data is a string, return its length. If it is an integer or float, return the value multiplied by 10. If it is a list, return its first item, or None if the list is empty. For any other type, return the string 'Unsupported type'. Use isinstance() in your solution.";3;"Variable Identity and Equality";"Write a function analyze_variables() that creates the following variables: a = [1, 2, 3], b = a, c = a[:], and d = [1, 2, 3]. Return a dictionary with the following boolean keys: 'b_is_a' (evaluating b is a), 'c_is_a' (evaluating c is a), 'd_is_a' (evaluating d is a), 'c_eq_a' (evaluating c == a), and 'd_eq_a' (evaluating d == a). This tests your understanding of variable references, shallow copying, and object identity versus value equality.";failed;"passed";NULL;NULL;"failed";"Classification mismatch: expected 'Hard' (level hard), got 'easy'";"The exercise requires writing only a few lines of simple code to assign variables and return a dictionary. While it tests the conceptual understanding of Python's memory model (object identity versus value equality, and shallow copying via slicing), the actual implementation is very straightforward. Most students will be able to write the solution quickly once they understand the underlying concepts."
"Variables-Hard-3-shot-1784521292023";"qwen/qwen3.7-plus";"Variables";"Hard";"3-shot";"Create a function mesin_penghitung() that initializes a variable hitungan = 0. Inside it, define another function tambah() that uses the nonlocal keyword to increment hitungan by 1 every time it is called and returns the updated value. Return the inner function tambah.";"Create variables w = 256 and x = 256, then variables y = int('1000') and z = int('1000'). Write a function cek_identitas() that returns a tuple containing (w is x, y is z). Using int('1000') ensures that y and z are created as separate integer objects on most Python implementations.";"Write a function proses_data(data). If data is a string, return its length. If it is an integer or float, return the value multiplied by 10. If it is a list, return its first item, or None if the list is empty. For any other type, return the string 'Unsupported type'. Use isinstance() in your solution.";4;"Dynamic Global Variable Injection";"Write a function inject_globals(mapping) that takes a dictionary mapping. It should inject all key-value pairs into the global namespace as variables using the globals() function. However, if a variable with the same name already exists in the global scope, it should append '_new' to the variable name repeatedly until a unique name is found before injecting. Return a list of the final variable names that were successfully injected.";failed;"passed";NULL;NULL;"failed";"Classification mismatch: expected 'Hard' (level hard), got 'intermediate'";"The problem requires students to understand and manipulate Python's global namespace using the `globals()` function, which goes beyond basic beginner syntax. Additionally, it requires implementing a collision-resolution mechanism using a `while` loop to repeatedly append '_new' to variable names until a unique one is found. Combining dictionary iteration, global state modification, and conditional looping makes it a solid intermediate problem that requires more careful logic than a basic easy exercise."
"Variables-Hard-3-shot-1784521292023";"qwen/qwen3.7-plus";"Variables";"Hard";"3-shot";"Create a function mesin_penghitung() that initializes a variable hitungan = 0. Inside it, define another function tambah() that uses the nonlocal keyword to increment hitungan by 1 every time it is called and returns the updated value. Return the inner function tambah.";"Create variables w = 256 and x = 256, then variables y = int('1000') and z = int('1000'). Write a function cek_identitas() that returns a tuple containing (w is x, y is z). Using int('1000') ensures that y and z are created as separate integer objects on most Python implementations.";"Write a function proses_data(data). If data is a string, return its length. If it is an integer or float, return the value multiplied by 10. If it is a list, return its first item, or None if the list is empty. For any other type, return the string 'Unsupported type'. Use isinstance() in your solution.";5;"Variable Swap Without Temporary Storage";"Write a function xor_swap(a, b) that takes two integer variables a and b. Swap their values using only the bitwise XOR (^) operator and variable reassignment, without using any temporary variables, tuple unpacking, or arithmetic operators like addition/subtraction. Return the tuple (a, b) with the swapped values.";failed;"passed";NULL;NULL;"failed";"Classification mismatch: expected 'Hard' (level hard), got 'intermediate'";"Although the resulting code is only a few lines, solving this problem requires specific knowledge of the XOR swap algorithm and an understanding of the mathematical properties of the bitwise XOR operator (e.g., x ^ x = 0 and x ^ 0 = x). Beginners typically rely on temporary variables or Python's native tuple unpacking, so deriving the bitwise logic from scratch takes more time and conceptual depth, fitting the intermediate difficulty level."

